Id,Predicted
8-left-wm,15217 3 15473 1 15475 1 15729 5 15970 3 15987 1 15989 1 16226 1 16228 1 16243 3 16482 3 17564 3 17820 1 17822 1 18076 3 19279 3 19535 1 19537 1 19791 3 26688 3 26944 1 26946 1 27200 3 29071 3 29327 1 29329 1 29583 3 31557 3 31627 3 31813 1 31815 1 31881 5 32069 3 32077 3 32088 3 32103 3 32108 3 32116 3 32137 1 32139 3 32324 3 32333 1 32335 1 32344 3 32359 1 32361 1 32364 1 32366 3 32372 1 32374 1 32393 5 32580 1 32582 1 32589 3 32600 3 32615 8 32624 1 32627 4 32836 3 32843 4 32852 3 32856 3 32870 12 32883 1 32885 1 33099 4 33108 1 33110 1 33124 14 33139 3 33355 4 33364 3 33376 18 33600 3 33610 5 33631 17 33855 4 33865 6 33887 16 34111 4 34120 8 34143 16 34189 3 34367 3 34376 9 34391 3 34398 16 34434 4 34445 1 34447 1 34631 12 34646 5 34654 15 34686 10 34701 3 34883 25 34910 14 34941 12 35139 41 35197 12 35394 41 35452 13 35645 3 35650 40 35706 16 35729 3 35901 3 35906 3 35910 36 35960 18 35985 6 36157 3 36166 37 36204 30 36241 4 36246 1 36413 3 36421 38 36460 30 36496 7 36677 69 36752 6 36933 68 37008 6 37191 57 37249 1 37251 6 37266 4 37447 54 37503 3 37507 6 37522 5 37704 51 37763 6 37778 6 37962 48 38020 3 38035 5 38043 3 38229 32 38262 1 38275 3 38291 5 38299 1 38301 1 38487 32 38531 4 38547 6 38555 3 38744 28 38787 4 38803 6 39000 28 39043 5 39060 5 39256 29 39300 4 39315 5 39512 29 39556 6 39571 6 39768 32 39813 8 39824 7 39832 1 40024 33 40069 6 40076 1 40080 9 40280 36 40321 13 40336 6 40535 67 40791 28 40820 28 40849 9 41047 27 41077 38 41303 26 41335 36 41558 26 41597 30 41813 25 41853 30 42069 26 42117 21 42321 30 42374 16 42577 31 42631 14 42833 32 42886 16 43090 32 43142 18 43346 4 43351 27 43393 3 43398 19 43606 28 43644 31 43862 29 43899 33 44118 13 44132 15 44154 34 44374 14 44389 14 44410 34 44630 1 44632 5 44641 1 44643 1 44647 12 44666 32 44886 5 44897 3 44904 11 44922 31 45143 4 45152 4 45161 10 45178 30 45217 3 45399 4 45408 4 45417 10 45434 15 45451 12 45473 1 45475 1 45664 4 45673 10 45690 14 45707 11 45729 3 45920 4 45927 13 45946 14 45963 11 46165 3 46181 16 46202 11 46219 11 46421 4 46437 16 46459 10 46475 8 46677 4 46693 16 46715 10 46731 7 46934 3 46949 16 46971 10 46986 8 47194 3 47205 16 47227 8 47242 8 47450 1 47452 1 47461 16 47483 3 47488 3 47498 7 47706 3 47717 16 47754 4 47973 14 48010 3 48230 3 48237 3 48502 3 48513 3 48744 3 48754 7 48762 6 48769 1 48771 1 49000 1 49002 1 49010 1 49012 5 49018 4 49023 1 49025 3 49256 3 49266 6 49274 6
8-left-cortex,15238 3 15494 1 15496 1 15750 3 32082 4 32136 3 32338 7 32347 3 32392 1 32394 1 32579 7 32591 26 32619 3 32626 3 32648 3 32834 39 32875 1 32877 1 32880 5 33089 52 33162 3 33344 40 33385 4 33390 6 33418 1 33420 1 33600 38 33641 4 33646 4 33674 3 33856 34 33902 4 34110 14 34125 20 34158 4 34177 3 34366 14 34381 20 34414 3 34433 1 34435 1 34622 14 34638 19 34670 3 34689 3 34878 14 34895 17 34923 3 34948 3 35134 14 35153 7 35161 7 35178 4 35196 3 35204 1 35206 1 35217 3 35390 11 35412 3 35418 6 35432 6 35452 1 35454 1 35460 3 35473 1 35475 1 35646 11 35675 3 35688 1 35690 4 35708 3 35729 8 35902 11 35944 4 35987 4 35992 1 36158 10 36201 1 36203 1 36232 3 36240 9 36414 10 36457 5 36488 1 36490 1 36496 1 36498 10 36670 12 36715 1 36717 1 36736 3 36744 3 36752 12 36925 13 36971 3 36992 1 36994 1 37010 10 37181 13 37242 3 37248 3 37266 10 37437 15 37459 4 37498 1 37500 1 37522 11 37694 25 37754 3 37780 10 37951 26 38022 3 38037 9 38207 27 38278 1 38280 1 38294 9 38464 26 38534 3 38550 10 38720 26 38806 11 38979 24 39060 14 39236 23 39316 15 39492 23 39571 17 39748 23 39827 17 40004 22 40081 19 40260 22 40305 5 40322 3 40337 19 40517 21 40560 9 40578 1 40580 1 40593 19 40774 20 40815 10 40834 3 40849 20 41030 20 41070 19 41102 23 41286 22 41324 27 41358 7 41368 13 41542 22 41580 27 41614 7 41624 13 41798 22 41836 28 41872 3 41876 16 42054 22 42092 29 42131 17 42311 20 42348 30 42386 18 42568 15 42605 29 42642 18 42825 16 42861 29 42898 17 43081 16 43107 3 43118 27 43155 15 43337 16 43362 4 43375 25 43412 14 43594 19 43617 5 43632 24 43670 12 43850 29 43888 24 43927 12 44107 30 44144 22 44184 11 44363 31 44400 21 44439 13 44621 30 44656 13 44670 7 44682 3 44694 14 44877 30 44912 13 44926 6 44935 6 44947 17 45135 28 45168 13 45182 4 45190 7 45203 17 45393 26 45425 11 45438 4 45443 10 45459 17 45649 26 45681 11 45695 3 45699 11 45716 15 45905 26 45937 12 45955 11 45969 18 46161 26 46193 12 46210 12 46224 18 46418 30 46450 11 46463 15 46480 18 46675 22 46698 1 46700 5 46707 27 46736 17 46931 30 46963 27 46991 17 47190 21 47212 5 47219 44 47449 69 47707 66 47963 66 48220 64 48477 61 48737 57 48994 54 49254 19 49276 5 49283 19 49517 3 49540 17 49797 12
8-right-wm,15486 3 15719 3 15727 3 15739 7 15748 4 15753 3 15758 4 15973 3 15977 1 15983 4 15992 10 16004 4 16009 1 16011 1 16014 4 16226 9 16239 4 16248 1 16250 8 16260 4 16265 3 16270 7 16482 9 16495 5 16504 12 16527 6 16738 10 16751 5 16763 9 16783 1 16785 4 16994 18 17018 3 17022 6 17038 6 17245 3 17250 18 17274 10 17289 4 17294 6 17498 4 17503 1 17506 3 17510 1 17512 11 17529 10 17545 11 17563 3 17753 7 17762 3 17766 4 17771 10 17785 10 17801 5 17807 6 17819 1 17821 1 18006 8 18023 14 18041 10 18058 4 18065 4 18074 4 18262 8 18271 3 18279 14 18297 10 18314 3 18320 5 18330 1 18332 1 18334 3 18518 7 18527 1 18529 1 18536 14 18554 10 18570 10 18586 3 18590 1 18592 1 18772 7 18783 3 18791 13 18805 1 18810 10 18827 9 18846 3 19028 1 19030 3 19047 15 19066 10 19083 10 19284 5 19302 17 19322 11 19339 10 19360 3 19538 3 19558 15 19574 1 19579 12 19596 9 19616 1 19618 1 19793 5 19814 17 19834 13 19852 9 19872 3 20049 5 20070 15 20089 15 20108 13 20303 11 20325 16 20345 15 20364 15 20558 4 20564 7 20578 18 20601 15 20620 17 20814 4 20820 10 20833 18 20859 5 20865 8 20876 17 21070 37 21118 11 21132 17 21328 35 21371 4 21376 1 21378 27 21584 35 21627 1 21629 4 21635 26 21839 34 21874 1 21883 3 21893 21 22095 36 22150 17 22350 35 22406 17 22606 35 22663 15 22857 3 22862 33 22919 15 23112 4 23118 33 23174 19 23368 39 23419 3 23428 24 23624 41 23673 35 23880 41 23925 39 24138 82 24393 83 24649 1 24651 54 24708 11 24723 9 24905 3 24910 44 24964 3 24968 7 24979 9 25167 39 25222 5 25235 7 25426 35 25478 1 25480 3 25491 7 25672 3 25682 35 25734 5 25747 6 25755 3 25928 1 25930 1 25939 33 25990 3 25994 1 26004 10 26180 3 26184 3 26197 33 26246 5 26261 9 26436 1 26438 1 26454 34 26500 5 26516 9 26692 3 26710 36 26756 1 26758 1 26772 9 26963 41 27012 3 27028 7 27218 43 27268 6 27284 7 27470 47 27522 6 27529 1 27539 8 27722 53 27778 1 27780 6 27794 5 27972 69 28050 10 28228 38 28267 30 28306 10 28484 39 28525 6 28536 17 28562 10 28740 39 28783 3 28793 15 28816 7 28995 40 29051 14 29072 1 29074 1 29076 3 29251 40 29307 15 29326 5 29506 41 29566 12 29582 1 29584 1 29762 6 29770 17 29790 13 29822 12 29838 3 30018 6 30026 17 30046 14 30079 10 30273 7 30282 16 30302 14 30335 1 30337 8 30528 6 30538 15 30558 15 30591 7 30784 6 30795 6 30802 6 30814 15 31040 7 31055 9 31070 16 31299 4 31311 1 31313 7 31327 15 31344 3 31556 3 31567 4 31572 4 31579 19 31599 4 31824 1 31826 1 31828 8 31837 1 31839 4 31846 7 31855 4 32080 3 32084 12 32102 3 32110 4 32340 7 32366 1 32368 1 32597 5 32622 3
8-right-cortex,15484 3 15500 4 15721 3 15728 5 15735 8 15744 6 15751 9 15972 48 16228 1 16230 1 16232 46 16479 55 16734 10 16745 49 16989 62 17243 64 17496 22 17519 45 17752 21 17775 14 17792 31 18008 21 18033 11 18049 32 18262 23 18288 13 18305 32 18516 23 18544 13 18561 33 18771 24 18800 13 18817 34 19025 25 19057 14 19074 34 19281 25 19314 13 19330 12 19346 18 19537 25 19570 13 19586 12 19602 18 19790 29 19826 13 19843 11 19858 19 20046 29 20082 13 20101 9 20114 19 20301 30 20336 20 20357 10 20371 18 20557 27 20592 20 20614 9 20631 14 20813 10 20824 16 20848 20 20870 9 20889 12 21070 9 21081 15 21103 22 21126 8 21147 9 21325 11 21337 10 21348 3 21359 31 21400 13 21581 9 21591 1 21597 6 21615 31 21653 16 21834 14 21855 4 21871 25 21897 4 21909 16 22090 12 22111 3 22127 26 22164 17 22346 11 22381 28 22420 17 22600 11 22637 29 22675 17 22856 11 22893 29 22931 17 23111 14 23149 29 23185 19 23366 15 23405 28 23441 19 23622 15 23661 27 23696 20 23877 14 23917 25 23952 20 24132 15 24175 12 24188 10 24205 22 24388 14 24431 10 24444 1 24446 1 24451 3 24461 1 24463 1 24465 18 24644 13 24689 3 24700 3 24707 1 24709 4 24714 6 24721 18 24900 16 24963 6 24970 1 24972 1 24977 19 25156 16 25203 3 25221 8 25234 1 25236 16 25412 19 25459 1 25461 1 25480 4 25490 18 25667 20 25715 3 25736 4 25748 13 25922 22 26004 13 26178 24 26260 12 26434 24 26516 12 26690 24 26756 3 26772 12 26945 23 27012 1 27014 1 27027 12 27201 23 27268 3 27283 12 27457 20 27539 12 27712 20 27751 3 27795 11 27967 19 28007 1 28009 1 28033 3 28048 14 28222 17 28263 3 28289 1 28291 1 28304 1 28306 10 28478 12 28545 3 28560 10 28734 8 28775 3 28817 9 28990 9 29031 1 29033 1 29073 9 29246 15 29273 7 29287 8 29311 3 29329 6 29502 15 29529 7 29546 5 29567 1 29569 1 29758 16 29784 9 29802 5 29823 3 30014 19 30039 10 30059 6 30080 3 30271 34 30318 1 30320 1 30336 1 30338 1 30527 34 30573 4 30592 5 30783 35 30820 3 30829 3 30850 1 30852 1 31041 33 31076 1 31078 1 31084 4 31106 3 31298 39 31340 4 31554 39 31595 5 31815 3 31820 3 31824 32 32081 15 32097 1 32104 1 32106 4 32349 5 32360 3 32364 1 32605 3 32618 3
9-left-wm,16753 3 17009 1 17011 1 17265 3 17499 3 17755 1 17757 1 18011 3 21158 3 21414 1 21416 1 21577 3 21670 3 21833 1 21835 1 22089 3 25253 3 25509 1 25511 1 25765 3 29838 3 30094 1 30096 1 30350 3 31375 3 31631 3 31887 3 32066 3 32143 3 32322 1 32324 1 32578 3 32595 3 32606 3 32649 3 32833 15 32851 1 32853 6 32862 1 32864 1 32872 10 32905 1 32907 1 33089 1 33091 1 33093 1 33095 1 33097 8 33107 3 33111 2 33114 1 33118 20 33161 3 33345 16 33365 6 33374 4 33379 15 33614 3 33630 20 33862 5 33885 17 34117 7 34141 17 34372 9 34397 15 34433 5 34628 11 34643 3 34653 15 34687 9 34878 3 34884 19 34909 14 34941 11 35127 3 35133 5 35140 19 35164 15 35197 12 35383 1 35385 1 35389 45 35452 14 35639 3 35645 45 35707 15 35727 6 35903 42 35962 16 35983 1 35985 2 35988 1 35990 3 36161 40 36203 4 36215 19 36239 8 36248 1 36419 38 36459 33 36500 1 36502 3 36675 38 36714 32 36747 1 36756 3 36760 1 36931 73 37014 3 37187 61 37252 4 37444 55 37500 1 37508 5 37526 3 37702 55 37764 5 37782 3 37959 51 38020 5 38038 4 38216 49 38277 4 38294 4 38482 38 38533 4 38550 5 38739 32 38789 4 38806 5 38996 31 39062 5 39253 32 39304 3 39318 5 39509 32 39558 3 39562 3 39573 4 39587 3 39765 34 39813 6 39820 1 39829 4 39843 3 40021 36 40065 14 40083 6 40099 3 40277 59 40339 6 40355 3 40533 61 40595 8 40789 72 41045 28 41078 40 41301 27 41336 38 41556 26 41594 6 41604 26 41811 27 41863 22 42066 29 42120 19 42320 31 42377 15 42573 35 42632 15 42829 35 42887 17 43085 37 43135 4 43142 19 43169 3 43347 31 43391 4 43396 23 43425 1 43427 1 43603 31 43643 33 43681 3 43859 31 43899 34 44116 3 44123 8 44133 13 44155 35 44384 3 44389 14 44410 36 44619 3 44646 13 44666 16 44683 19 44875 1 44877 1 44900 15 44922 16 44940 17 45131 3 45155 16 45178 14 45193 1 45197 14 45411 16 45434 16 45453 10 45665 18 45690 13 45709 10 45920 19 45946 12 45965 10 46173 22 46202 10 46219 12 46429 6 46437 13 46458 10 46474 11 46685 5 46692 15 46715 3 46730 9 46947 16 46986 9 47192 3 47203 5 47209 10 47243 6 47448 5 47459 3 47465 10 47499 4 47704 5 47724 4 47737 3 47961 4 47993 4 48233 3 48239 3 48249 5 48489 1 48491 1 48493 3 48497 1 48506 4 48745 3 48749 1 48751 3 48763 3 48776 4 49005 3 49032 4 49288 4
9-left-cortex,16491 3 16747 1 16749 1 17003 3 32590 3 32600 4 32828 9 32840 3 32844 5 32851 23 33084 46 33132 3 33136 3 33339 47 33388 5 33394 1 33594 43 33644 7 33850 43 33898 7 34105 39 34154 1 34156 1 34360 16 34377 22 34410 3 34414 3 34431 3 34616 15 34634 21 34670 1 34672 1 34687 1 34689 1 34872 15 34891 20 34926 3 34943 3 34947 3 35128 15 35149 18 35196 3 35203 1 35205 1 35384 15 35409 3 35413 10 35452 1 35454 1 35459 3 35640 14 35669 9 35708 3 35735 3 35896 13 35987 5 35993 1 36152 13 36205 3 36243 9 36408 13 36458 4 36463 1 36469 3 36499 12 36664 13 36714 1 36716 4 36725 1 36727 1 36744 3 36756 12 36920 14 36970 3 36981 3 37000 1 37002 1 37012 13 37177 15 37255 4 37268 13 37433 16 37511 1 37513 1 37524 14 37690 16 37707 3 37711 3 37767 3 37781 13 37947 25 38037 13 38203 26 38295 11 38459 27 38552 10 38717 26 38808 11 38973 27 39064 12 39231 25 39319 14 39487 25 39540 3 39560 3 39574 15 39743 25 39796 1 39798 3 39816 1 39818 1 39829 16 40000 23 40052 3 40056 1 40072 3 40085 18 40256 24 40305 4 40310 3 40328 1 40330 1 40335 3 40341 19 40513 23 40559 9 40584 3 40591 1 40593 1 40596 20 40770 22 40814 12 40847 25 41026 21 41068 16 41086 10 41103 1 41105 6 41113 15 41282 21 41324 29 41359 7 41370 14 41538 21 41580 30 41625 15 41794 21 41836 31 41878 18 42052 18 42092 31 42133 18 42308 17 42348 31 42388 19 42565 15 42605 30 42644 19 42821 17 42861 30 42900 18 43077 17 43099 3 43118 28 43156 18 43334 16 43351 7 43361 3 43374 27 43414 16 43591 32 43632 24 43671 15 43847 32 43888 22 43913 4 43929 13 44104 32 44144 21 44168 5 44186 13 44361 32 44400 20 44423 7 44443 12 44617 32 44656 20 44677 10 44693 3 44697 14 44874 32 44913 12 44928 4 44933 10 44948 19 45132 30 45168 13 45184 3 45189 10 45204 19 45388 30 45424 13 45440 3 45444 11 45460 19 45645 25 45680 13 45698 13 45717 18 45902 25 45936 12 45949 19 45971 19 46159 25 46192 32 46225 21 46416 24 46448 32 46481 19 46675 25 46704 30 46735 19 46934 22 46959 50 47191 73 47448 71 47705 70 47963 67 48222 63 48481 59 48742 16 48766 27 49027 18 49287 9
9-right-wm,16750 3 16759 7 16767 4 16774 8 16997 7 17006 1 17008 4 17015 5 17021 15 17037 1 17249 17 17267 1 17270 24 17504 16 17521 3 17526 19 17756 22 17782 14 17803 3 17810 3 18012 23 18041 8 18057 7 18066 1 18068 1 18268 24 18298 10 18313 12 18520 3 18527 21 18554 10 18569 11 18773 4 18778 1 18792 12 18811 9 18826 4 18832 7 18849 3 19029 1 19031 4 19047 13 19067 9 19082 5 19090 5 19105 1 19107 1 19285 3 19301 15 19323 9 19338 13 19361 3 19536 6 19557 17 19579 9 19595 11 19791 7 19813 17 19834 10 19852 11 20047 7 20069 17 20090 13 20108 11 20301 8 20323 19 20346 14 20365 10 20556 7 20564 1 20579 19 20603 14 20621 11 20643 3 20812 9 20835 18 20859 14 20878 14 20899 1 20901 1 21067 6 21091 18 21115 15 21134 16 21155 3 21322 7 21337 5 21346 19 21371 16 21390 17 21578 14 21593 5 21602 18 21629 15 21646 18 21832 7 21840 35 21885 35 21925 3 22088 6 22095 34 22147 29 22181 1 22183 1 22344 4 22349 1 22351 34 22404 27 22435 5 22600 41 22662 22 22691 1 22693 1 22856 4 22861 35 22919 19 22947 3 23113 38 23176 17 23369 38 23432 16 23620 42 23687 18 23876 1 23878 40 23933 3 23942 23 24132 43 24186 6 24196 25 24388 43 24434 3 24440 9 24450 28 24481 3 24643 6 24651 83 24737 1 24739 1 24899 5 24908 48 24957 21 24979 11 24993 3 25155 4 25164 70 25236 10 25420 47 25477 10 25493 9 25677 45 25738 4 25749 8 25933 42 25990 3 25994 3 26005 5 26176 4 26193 35 26245 4 26250 1 26252 1 26261 8 26272 3 26432 4 26449 35 26500 9 26520 5 26527 4 26688 4 26707 33 26756 5 26762 1 26776 11 26944 3 26964 34 27012 7 27029 13 27218 40 27269 3 27285 1 27287 8 27467 6 27474 41 27524 5 27541 9 27551 3 27723 48 27780 7 27798 6 27805 1 27807 1 27809 1 27978 53 28036 7 28052 14 28227 3 28234 56 28291 10 28307 8 28317 1 28319 1 28483 1 28485 1 28487 70 28562 14 28737 51 28789 24 28818 9 28828 2 28831 1 28990 42 29036 5 29049 18 29074 14 29246 42 29292 3 29306 16 29332 5 29501 44 29562 16 29588 5 29757 45 29819 13 29833 1 30013 45 30077 13 30273 24 30301 14 30333 13 30529 22 30557 15 30590 12 30790 15 30812 16 30847 9 31035 3 31048 13 31068 17 31103 9 31291 1 31293 3 31305 4 31311 6 31324 20 31547 3 31551 4 31559 7 31569 6 31580 21 31805 6 31815 1 31817 15 31834 23 32064 3 32071 8 32080 11 32092 21 32320 3 32328 17 32346 11 32363 4 32584 6 32600 3
9-right-cortex,16506 3 16521 3 16525 3 16738 3 16762 1 16764 1 16772 3 16777 9 16994 15 17012 33 17250 52 17506 56 17759 60 18010 16 18028 16 18045 34 18265 18 18284 51 18519 24 18545 49 18770 27 18801 12 18816 34 19026 27 19057 12 19073 35 19282 24 19313 12 19329 36 19537 24 19569 12 19586 36 19793 22 19825 13 19842 13 19856 23 20045 26 20081 14 20098 13 20116 19 20301 1 20303 26 20337 14 20354 14 20373 18 20557 28 20594 13 20611 13 20629 18 20811 30 20850 15 20870 10 20885 20 21067 30 21106 18 21127 9 21142 17 21160 1 21323 27 21361 19 21383 9 21399 18 21579 27 21615 22 21640 8 21660 11 21834 28 21870 24 21897 7 21917 10 22090 28 22126 26 22154 6 22170 13 22345 12 22359 5 22367 4 22382 27 22424 15 22599 14 22623 3 22637 29 22679 16 22855 14 22879 3 22893 29 22934 17 23110 12 23148 30 23190 18 23365 10 23404 30 23446 18 23619 8 23628 3 23660 30 23701 19 23874 12 23916 30 23955 21 24129 14 24172 29 24211 1 24213 19 24385 14 24428 28 24464 23 24641 14 24685 16 24702 8 24720 6 24730 13 24897 13 24941 24 24974 6 24981 1 24988 11 25153 15 25201 7 25210 4 25215 1 25217 4 25230 1 25232 6 25240 14 25409 18 25466 6 25473 4 25480 3 25486 3 25495 15 25664 19 25736 1 25738 1 25750 16 25919 20 25992 3 26006 16 26174 23 26262 16 26429 25 26518 16 26685 25 26775 12 26941 25 27031 3 27035 8 27197 25 27286 13 27453 25 27542 1 27544 10 27708 25 27798 12 27964 25 28035 3 28053 12 28220 20 28291 1 28293 3 28308 13 28474 18 28547 3 28551 1 28563 14 28730 18 28805 3 28818 13 28986 15 29074 12 29240 16 29286 3 29330 12 29496 9 29506 1 29528 6 29542 1 29544 1 29589 1 29591 4 29752 11 29783 8 29798 3 29845 5 30008 11 30037 10 30059 3 30264 16 30291 12 30315 1 30317 1 30522 16 30539 3 30546 13 30571 3 30778 23 30802 13 30849 3 31034 37 31085 3 31105 1 31107 1 31291 36 31328 7 31338 4 31343 1 31361 3 31548 41 31590 1 31594 6 31806 49 32062 38 32101 1 32103 1 32105 1 32107 4 32324 10 32335 16 32352 4 32357 5 32392 3 32580 6 32591 7 32599 8 32648 1 32650 1 32837 3 32904 3
10-left-wm,15974 3 16225 3 16230 1 16232 1 16240 3 16251 3 16257 3 16266 3 16272 3 16479 5 16486 3 16496 1 16498 1 16507 1 16509 1 16513 3 16522 1 16524 1 16528 1 16530 1 16735 5 16752 3 16763 3 16769 3 16778 3 16784 3 16991 4 17025 3 17824 3 18080 1 18082 1 18336 3 20554 3 20810 1 20812 1 21066 3 21576 3 21832 1 21834 1 22088 3 24232 3 24488 1 24490 1 24744 3 25000 1 25002 1 25256 3 28573 3 28829 1 28831 1 29085 3 29330 6 29584 3 29588 4 29840 1 29842 6 30096 3 30611 3 30867 1 30869 1 31123 3 31821 3 32064 3 32069 3 32077 1 32079 1 32083 3 32108 6 32320 1 32322 1 32325 1 32327 4 32333 3 32338 8 32364 4 32369 1 32378 3 32576 3 32581 4 32586 4 32591 12 32611 3 32615 11 32627 3 32634 1 32636 1 32838 1 32840 6 32847 12 32867 1 32869 1 32871 10 32883 1 32885 1 32890 3 33094 3 33098 4 33103 5 33112 3 33123 3 33127 10 33139 3 33360 3 33374 19 33607 4 33630 19 33862 6 33886 18 34117 8 34142 16 34373 11 34398 15 34436 7 34620 3 34629 13 34645 3 34654 15 34688 9 34698 1 34876 1 34878 4 34885 20 34910 14 34944 12 35132 7 35140 21 35165 15 35198 14 35388 1 35390 45 35453 15 35644 3 35648 43 35694 3 35707 18 35734 3 35906 40 35950 6 35960 22 35989 8 36162 40 36204 35 36245 6 36252 1 36419 76 36501 8 36675 76 36759 4 36932 63 36998 7 37015 5 37187 63 37256 5 37272 4 37443 61 37514 3 37528 4 37699 57 37770 3 37784 7 37961 9 37971 40 38040 7 38228 39 38297 6 38484 33 38535 3 38553 6 38740 33 38791 7 38809 6 38997 32 39047 8 39065 4 39254 32 39303 9 39320 6 39510 34 39561 7 39574 8 39766 37 39817 9 39830 1 39832 6 40021 41 40063 3 40069 13 40085 10 40277 65 40343 11 40533 30 40564 47 40789 29 40823 44 41046 27 41080 43 41300 28 41340 39 41554 30 41608 26 41808 32 41866 20 42062 35 42122 18 42318 36 42378 16 42574 36 42633 19 42835 31 42888 21 43092 30 43133 3 43142 26 43176 3 43348 30 43388 6 43395 31 43432 1 43434 1 43605 29 43644 38 43688 3 43851 3 43865 3 43874 17 43900 38 44107 1 44109 1 44130 4 44135 12 44159 34 44363 3 44386 3 44392 12 44411 36 44643 4 44649 11 44667 19 44687 15 44899 4 44905 11 44923 16 44944 14 45155 17 45179 16 45201 13 45411 18 45435 15 45457 13 45667 18 45691 14 45713 10 45923 18 45948 13 45969 9 46179 18 46205 10 46220 3 46225 6 46423 3 46435 18 46463 3 46476 1 46478 1 46481 6 46679 1 46681 1 46692 18 46732 3 46737 5 46935 3 46948 18 46972 3 46993 4 47205 17 47228 1 47230 1 47249 3 47465 1 47467 6 47484 3 47721 3 47995 8 48245 3 48251 1 48253 6 48501 1 48503 1 48507 8 48525 3 48757 3 48781 1 48783 1 49037 3
10-left-cortex,16245 3 16501 1 16503 1 16757 3 28821 3 29077 1 29079 1 29333 3 30098 3 30354 4 30610 4 30867 3 31809 3 32065 1 32067 1 32097 3 32110 3 32321 3 32351 5 32366 1 32368 1 32370 3 32375 3 32396 3 32576 5 32590 3 32605 8 32622 7 32631 1 32633 1 32652 1 32654 1 32828 22 32851 34 32887 3 32908 3 33083 51 33135 5 33338 58 33594 48 33648 3 33849 39 34104 41 34359 17 34378 23 34410 3 34615 17 34635 22 34666 1 34668 1 34871 17 34892 20 34922 3 34954 3 35127 16 35152 16 35210 1 35212 1 35383 16 35415 9 35466 3 35480 3 35639 16 35671 8 35687 4 35736 6 35895 16 35943 4 35964 3 35992 9 36151 14 36199 4 36220 1 36222 1 36234 3 36246 11 36408 14 36455 1 36457 1 36476 3 36484 3 36490 1 36492 1 36502 12 36664 14 36711 3 36740 5 36746 3 36758 13 36921 14 36996 3 37000 1 37003 3 37014 14 37177 15 37252 5 37259 1 37261 1 37272 12 37434 17 37456 5 37512 6 37528 12 37691 27 37768 3 37772 1 37785 13 37947 28 38024 5 38043 11 38204 27 38280 3 38299 13 38460 27 38536 3 38555 14 38716 28 38792 4 38811 15 38973 28 39049 4 39065 17 39231 26 39284 3 39305 5 39321 18 39488 25 39540 1 39542 1 39562 4 39576 20 39744 25 39796 3 39815 7 39826 3 39831 21 40000 24 40049 5 40056 3 40071 1 40073 1 40080 3 40084 1 40086 22 40258 22 40304 12 40327 3 40336 1 40338 26 40515 22 40559 13 40592 28 40771 22 40814 21 40837 3 40850 1 40852 8 40864 12 41027 22 41070 28 41106 8 41120 12 41283 21 41326 30 41366 4 41372 16 41539 21 41582 30 41626 18 41795 19 41838 30 41880 19 42052 16 42094 30 42136 19 42309 16 42350 30 42392 18 42566 16 42607 29 42648 19 42822 18 42841 3 42851 4 42864 28 42904 19 43078 24 43106 5 43120 27 43162 17 43335 33 43376 26 43419 16 43592 33 43632 26 43678 13 43848 34 43888 22 43911 1 43917 3 43933 15 44107 32 44144 24 44172 5 44188 16 44364 31 44401 19 44425 9 44444 16 44620 31 44657 18 44681 10 44700 16 44877 30 44914 14 44936 11 44953 19 45133 30 45170 11 45191 12 45209 18 45391 28 45426 12 45447 12 45464 19 45647 25 45682 13 45701 14 45717 21 45904 21 45927 3 45934 3 45939 32 45973 20 46161 25 46190 4 46195 32 46228 19 46418 25 46446 56 46677 23 46703 54 46936 21 46959 53 47193 75 47450 73 47707 70 47964 69 48224 64 48485 21 48508 4 48516 27 48746 11 48774 21 49030 8 49039 10 49296 3
10-right-wm,16248 4 16496 3 16504 9 16517 3 16521 9 16741 7 16752 1 16754 1 16756 11 16768 1 16773 1 16775 1 16777 11 16994 10 17008 7 17016 1 17019 8 17029 3 17033 11 17248 17 17267 6 17275 6 17282 1 17289 1 17291 1 17296 4 17502 24 17531 8 17545 3 17552 1 17554 1 17558 3 17758 1 17760 20 17788 8 17804 3 17808 3 17814 3 18014 22 18044 8 18060 4 18070 3 18076 3 18273 3 18277 15 18300 9 18316 5 18326 3 18332 1 18334 1 18520 3 18536 12 18556 10 18572 5 18583 3 18588 3 18597 3 18776 1 18778 1 18792 12 18812 10 18828 6 18837 5 18853 1 18855 1 19032 3 19048 14 19068 10 19085 6 19092 6 19109 3 19301 20 19325 9 19342 11 19536 5 19557 18 19576 1 19581 10 19599 10 19792 5 19813 20 19837 12 19856 11 20046 7 20068 19 20093 14 20112 12 20302 1 20304 4 20324 19 20349 14 20368 13 20557 7 20580 19 20604 15 20625 14 20813 1 20815 1 20819 3 20836 18 20860 16 20881 17 21067 15 21083 5 21092 19 21116 3 21120 14 21136 18 21323 15 21339 6 21347 18 21366 1 21374 36 21578 5 21584 17 21602 17 21620 3 21637 29 21834 40 21894 28 22088 5 22095 35 22152 26 22344 3 22351 35 22409 22 22600 3 22604 37 22667 17 22856 40 22923 15 22953 3 23112 40 23178 16 23209 1 23211 1 23367 40 23433 18 23465 3 23623 41 23675 6 23688 20 23711 3 23878 42 23930 34 23967 4 24131 4 24136 1 24138 39 24182 45 24385 3 24389 4 24394 89 24641 1 24643 3 24651 52 24706 32 24897 3 24907 49 24965 29 25165 46 25225 10 25238 11 25423 42 25484 3 25497 8 25665 6 25680 41 25753 4 25765 3 25921 4 25926 1 25938 36 25993 3 26009 4 26021 4 26177 6 26196 34 26249 1 26251 1 26264 8 26277 4 26434 3 26453 34 26503 5 26520 1 26522 11 26534 3 26707 40 26759 3 26776 13 26957 47 27015 5 27032 13 27197 3 27212 49 27271 3 27275 1 27288 13 27453 1 27455 1 27468 49 27518 3 27526 6 27544 7 27552 5 27708 4 27724 53 27782 4 27801 6 27808 3 27964 1 27966 1 27978 65 28057 7 28220 3 28232 68 28310 10 28483 40 28524 34 28565 11 28736 43 28781 6 28792 1 28794 20 28821 10 28991 43 29038 3 29048 3 29053 17 29077 9 29247 43 29309 17 29337 4 29503 45 29566 14 29759 27 29790 14 29823 13 30017 24 30046 14 30080 12 30273 23 30302 15 30336 12 30524 3 30533 17 30558 15 30594 10 30780 1 30782 1 30789 3 30793 12 30814 16 30854 4 31036 3 31049 3 31053 3 31057 4 31070 17 31302 5 31314 6 31326 21 31552 3 31557 6 31566 3 31570 6 31578 5 31584 19 31808 1 31810 1 31813 6 31822 5 31828 4 31833 8 31842 1 31847 4 31852 7 32064 3 32069 3 32073 1 32078 7 32089 5 32096 3 32103 4 32108 7 32327 3 32335 3 32345 5 32360 3
10-right-cortex,16010 3 16250 3 16256 3 16264 3 16268 4 16493 3 16501 9 16512 1 16514 1 16516 3 16520 1 16522 12 16746 44 16997 4 17002 48 17243 66 17499 67 17755 35 17791 34 18007 26 18034 12 18047 36 18261 24 18290 12 18306 35 18517 24 18546 12 18562 37 18772 23 18802 13 18819 37 19026 25 19058 13 19076 37 19280 27 19314 13 19332 38 19536 27 19572 11 19588 38 19791 26 19828 12 19844 14 19863 20 20047 26 20082 15 20101 14 20119 20 20302 28 20338 15 20359 12 20377 18 20555 31 20594 19 20616 11 20634 18 20810 32 20850 19 20872 11 20891 17 21065 29 21105 22 21129 10 21149 15 21321 29 21360 24 21386 9 21408 11 21577 12 21592 14 21615 27 21644 6 21664 11 21833 9 21848 6 21855 6 21871 28 21902 4 21917 16 22089 11 22105 4 22111 5 22127 30 22170 17 22188 1 22345 11 22367 4 22382 31 22424 21 22599 13 22638 31 22680 20 22853 15 22893 32 22936 20 23107 13 23149 32 23191 21 23363 8 23372 3 23405 32 23447 20 23618 11 23661 31 23703 19 23874 12 23917 30 23961 17 24130 12 24174 28 24213 21 24386 12 24430 14 24454 3 24458 3 24469 21 24642 13 24687 13 24714 1 24716 1 24725 21 24897 16 24949 3 24970 3 24983 19 25152 18 25240 18 25408 20 25497 17 25664 22 25754 16 25919 24 26010 15 26174 25 26248 3 26267 14 26430 25 26485 3 26504 1 26506 1 26523 13 26684 27 26741 1 26743 1 26760 3 26782 9 26940 27 26997 3 27037 9 27196 25 27290 12 27453 18 27472 4 27529 3 27544 14 27709 17 27785 1 27787 1 27799 14 27963 19 28038 6 28055 13 28219 19 28274 3 28279 3 28294 1 28296 1 28311 13 28475 17 28519 3 28524 3 28530 1 28532 1 28535 1 28537 1 28550 3 28566 12 28730 16 28775 3 28780 5 28786 3 28791 3 28822 1 28824 9 28986 14 29031 3 29036 5 29078 3 29082 7 29241 12 29272 8 29287 3 29293 4 29336 6 29497 13 29527 10 29753 13 29782 11 29805 3 30009 14 30034 15 30061 1 30063 1 30266 17 30287 17 30317 5 30522 38 30575 1 30577 1 30779 37 30831 3 31036 38 31078 3 31085 5 31292 45 31341 5 31551 42 31597 5 31808 42 31853 4 32065 9 32075 4 32080 3 32084 14 32103 1 32105 1 32109 4 32323 3 32344 3 32348 3 32359 3 32366 3
11-left-wm,15738 3 15994 1 15996 1 16250 3 18593 3 18849 1 18851 1 19105 3 20807 3 21063 1 21065 1 21319 3 21573 3 21829 1 21831 1 22083 5 22339 1 22341 1 22595 3 30348 3 30604 1 30606 1 30860 3 31033 3 31289 1 31291 1 31370 3 31545 3 31626 1 31628 1 31853 3 31882 3 32065 3 32071 6 32078 3 32098 5 32109 1 32111 1 32321 1 32323 1 32327 1 32329 2 32332 5 32338 3 32354 5 32365 3 32577 3 32583 14 32603 4 32609 10 32622 5 32845 8 32858 6 32865 11 32878 1 32880 1 32882 1 32905 3 33090 3 33101 8 33114 18 33134 5 33161 1 33163 1 33346 1 33348 4 33353 4 33360 1 33362 1 33368 20 33417 3 33602 4 33607 1 33609 4 33616 3 33624 20 33861 8 33880 20 34112 3 34117 7 34137 19 34174 3 34366 15 34393 19 34429 5 34622 16 34649 17 34683 8 34693 3 34874 22 34905 17 34938 14 35130 1 35132 22 35158 19 35193 15 35215 6 35381 3 35386 47 35448 16 35471 1 35473 4 35637 3 35645 44 35702 18 35727 6 35893 3 35901 44 35946 6 35958 19 36149 3 36158 52 36211 22 36405 3 36417 53 36471 18 36497 3 36673 71 36753 1 36755 1 36930 71 37009 4 37186 55 37245 12 37266 3 37270 3 37443 54 37501 1 37503 1 37506 7 37522 5 37528 1 37699 54 37757 3 37762 3 37778 7 37961 46 38008 1 38035 7 38219 46 38291 1 38293 5 38476 38 38516 1 38518 1 38533 3 38547 3 38551 4 38735 34 38772 3 38789 1 38791 1 38807 6 38993 31 39045 3 39064 3 39068 1 39249 33 39303 3 39322 3 39505 33 39559 1 39561 1 39576 3 39761 37 39810 8 39832 4 40016 41 40060 3 40066 12 40084 3 40088 5 40272 42 40316 1 40318 17 40337 12 40527 78 40783 45 40829 30 41039 30 41071 5 41077 38 41295 3 41300 25 41334 6 41341 1 41343 24 41368 1 41556 25 41592 6 41599 26 41810 27 41858 21 42049 3 42065 28 42115 18 42305 4 42320 28 42371 17 42561 4 42575 30 42627 21 42818 3 42831 31 42882 23 43083 35 43137 24 43170 3 43339 1 43341 34 43391 26 43426 1 43428 1 43595 36 43646 26 43682 3 43853 34 43901 27 44110 11 44123 20 44157 27 44366 9 44379 20 44409 31 44624 3 44639 3 44644 11 44662 34 44895 3 44900 11 44917 39 45155 12 45173 17 45194 18 45388 3 45409 14 45429 17 45450 18 45644 1 45646 1 45663 16 45687 15 45707 16 45900 3 45919 17 45943 11 45963 15 46162 4 46175 17 46200 9 46219 1 46221 1 46224 9 46418 4 46429 20 46457 7 46475 3 46480 8 46674 4 46685 20 46714 6 46728 6 46736 8 46931 3 46940 21 46971 3 46984 1 46986 4 46993 5 47196 8 47205 12 47236 3 47240 6 47450 9 47462 6 47491 5 47706 4 47725 6 47737 3 47746 6 47962 4 47981 9 47991 5 48002 6 48017 3 48233 3 48237 9 48247 5 48258 5 48273 1 48275 1 48488 4 48495 7 48503 5 48514 4 48529 3 48744 4 48751 6 49000 4
11-left-cortex,15753 3 16009 1 16011 1 16265 3 31552 3 31808 1 31810 1 32064 3 32072 4 32092 3 32134 3 32318 16 32344 3 32348 1 32350 1 32355 7 32365 5 32390 1 32392 1 32573 20 32595 3 32599 25 32625 1 32646 4 32827 55 32903 1 32905 1 33082 41 33127 9 33159 3 33337 42 33383 6 33592 40 33639 6 33848 39 33896 5 34104 39 34154 3 34176 3 34359 38 34432 1 34434 1 34614 17 34634 18 34688 3 34870 10 34882 4 34891 16 34919 3 35125 11 35148 15 35175 4 35206 3 35214 5 35381 10 35406 13 35431 4 35462 1 35464 1 35470 1 35472 6 35637 13 35664 11 35685 8 35718 3 35726 8 35894 13 35941 6 35948 1 35984 10 36150 13 36197 8 36214 3 36239 13 36406 14 36452 7 36470 1 36472 1 36495 15 36662 14 36708 4 36726 3 36751 15 36918 16 36964 3 36977 3 36982 1 36984 1 37008 14 37175 15 37230 4 37235 1 37238 3 37247 7 37265 14 37431 20 37486 1 37488 4 37503 5 37509 1 37521 15 37688 21 37742 3 37759 7 37779 13 37944 22 38017 3 38035 15 38200 25 38291 15 38457 26 38548 15 38713 26 38804 15 38970 25 39060 16 39227 25 39315 18 39483 25 39554 3 39571 18 39739 25 39810 1 39812 1 39826 19 39996 23 40066 3 40080 22 40253 23 40300 4 40306 3 40334 24 40509 24 40555 6 40562 5 40572 3 40590 25 40765 25 40811 13 40826 7 40846 6 40853 18 41022 24 41067 22 41102 6 41109 18 41279 23 41323 25 41365 18 41535 23 41579 26 41619 20 41792 22 41834 28 41872 23 42049 21 42090 29 42127 24 42305 19 42346 29 42383 24 42562 17 42602 29 42639 22 42819 18 42858 27 42896 21 43075 19 43101 3 43115 26 43158 15 43332 18 43353 3 43357 3 43372 26 43413 16 43590 16 43607 10 43628 27 43669 16 43846 31 43885 20 43906 5 43925 17 44103 31 44141 19 44162 5 44182 16 44359 31 44397 19 44418 7 44438 16 44615 31 44653 19 44675 10 44694 16 44871 31 44909 16 44931 11 44950 15 45128 30 45165 16 45185 13 45205 16 45385 29 45421 15 45440 15 45461 16 45643 26 45677 15 45695 21 45717 15 45901 22 45933 15 45950 37 46157 22 46189 15 46206 37 46414 24 46446 37 46484 14 46672 23 46697 3 46701 51 46930 14 46945 63 47188 74 47445 72 47701 70 47961 65 48217 64 48473 31 48506 30 48730 3 48737 22 48764 23 48996 19 49020 21 49253 13 49267 3 49278 16 49510 11 49536 3 49540 5
11-right-wm,15735 3 15972 4 15978 4 15991 1 15993 1 16222 3 16228 12 16243 8 16257 7 16273 3 16475 4 16480 1 16482 14 16497 13 16513 8 16524 3 16529 1 16531 1 16731 16 16748 18 16769 8 16780 1 16782 1 16785 3 16986 26 17013 9 17027 6 17036 3 17042 6 17049 3 17242 26 17271 6 17286 4 17293 3 17298 6 17305 1 17307 1 17498 22 17527 6 17542 4 17549 1 17551 1 17554 10 17754 20 17783 7 17798 10 17810 6 17817 7 18011 5 18017 4 18022 8 18040 7 18055 4 18060 1 18071 9 18273 13 18296 7 18311 6 18321 3 18329 8 18512 6 18530 13 18552 8 18568 6 18575 5 18588 3 18592 1 18768 6 18786 13 18808 8 18824 12 18846 3 18850 3 19022 8 19042 14 19064 10 19081 10 19106 1 19108 1 19278 8 19299 13 19320 11 19337 11 19362 3 19531 9 19555 14 19576 13 19594 10 19787 7 19809 17 19831 15 19851 14 20041 8 20064 18 20087 1 20089 13 20107 14 20297 9 20320 18 20343 16 20363 14 20551 13 20576 18 20601 15 20620 17 20807 16 20832 15 20862 10 20875 18 21063 21 21087 15 21119 30 21150 3 21320 38 21376 28 21406 1 21408 1 21575 38 21632 27 21662 3 21831 4 21836 32 21891 23 22085 39 22149 19 22340 40 22405 17 22596 39 22661 16 22852 39 22916 16 23108 39 23172 17 23201 3 23363 40 23414 7 23426 20 23453 3 23457 1 23459 1 23619 41 23670 33 23709 1 23711 1 23713 3 23875 5 23881 38 23922 40 23965 3 23969 3 24133 86 24225 1 24227 1 24389 54 24444 31 24481 3 24641 3 24645 52 24698 3 24703 1 24705 26 24897 1 24899 1 24905 50 24959 3 24965 9 24975 10 25151 5 25161 44 25221 8 25234 6 25407 4 25417 44 25477 5 25490 4 25663 4 25676 38 25732 6 25747 3 25919 5 25933 38 25988 4 26003 3 26176 4 26193 34 26244 3 26260 4 26271 3 26432 4 26450 34 26514 14 26529 1 26689 3 26705 39 26770 16 26945 1 26947 1 26950 3 26960 40 27026 13 27201 3 27206 54 27282 13 27454 4 27461 57 27537 14 27710 70 27793 12 27965 71 28048 10 28059 1 28216 3 28220 76 28304 12 28472 80 28560 10 28728 46 28775 8 28788 21 28817 9 28984 46 29032 3 29046 19 29074 4 29240 3 29244 5 29251 35 29305 16 29331 1 29333 1 29501 3 29507 36 29563 14 29587 3 29757 3 29763 36 29819 14 30013 3 30019 37 30075 14 30269 3 30276 36 30333 10 30525 1 30527 1 30529 17 30552 18 30591 8 30778 6 30785 1 30787 15 30808 20 30847 8 31034 4 31041 15 31066 19 31103 4 31108 3 31290 5 31297 12 31313 3 31322 19 31359 3 31364 1 31366 1 31547 23 31571 1 31579 18 31620 3 31804 3 31808 1 31813 11 31825 3 31835 18 32062 3 32073 1 32075 7 32087 22 32329 5 32335 3 32343 4 32349 4 32357 8 32591 1 32593 1 32599 4 32605 4 32847 3 32862 3
11-right-cortex,15732 5 15743 4 15974 5 15985 6 15992 6 15999 10 16011 3 16225 29 16255 13 16269 6 16479 55 16731 3 16735 56 16985 3 16989 1 16991 56 17239 17 17257 49 17494 20 17515 50 17748 22 17771 52 18004 22 18028 14 18043 37 18257 25 18284 14 18300 36 18513 25 18540 14 18557 37 18769 21 18796 15 18813 38 19024 21 19053 14 19070 39 19277 24 19309 14 19326 16 19345 20 19533 25 19566 13 19584 14 19601 21 19788 26 19822 14 19841 13 19857 21 20044 26 20077 17 20099 11 20113 21 20298 25 20333 19 20356 10 20371 19 20554 24 20588 21 20612 10 20627 3 20631 15 20810 24 20844 22 20869 9 20887 15 21064 26 21099 23 21126 8 21145 12 21319 27 21354 27 21382 7 21400 13 21575 13 21590 11 21610 29 21640 5 21654 15 21831 8 21840 1 21846 3 21854 3 21866 29 21908 18 22087 10 22121 30 22163 19 22343 8 22377 30 22418 20 22599 7 22633 30 22673 21 22855 6 22889 30 22929 21 23106 10 23145 30 23185 20 23361 13 23401 29 23442 19 23617 11 23629 1 23657 29 23699 18 23872 14 23913 28 23956 17 24128 12 24170 28 24213 16 24384 12 24427 27 24468 17 24640 12 24688 22 24724 16 24895 13 24945 9 24963 6 24980 17 25149 3 25153 13 25202 4 25222 1 25224 1 25236 17 25404 19 25478 3 25492 17 25659 24 25748 17 25915 25 26005 15 26171 25 26261 13 26427 25 26515 15 26682 26 26771 14 26938 26 27027 10 27038 3 27194 25 27280 13 27449 25 27536 1 27538 11 27704 17 27792 13 27960 15 28048 13 28216 12 28296 3 28304 13 28472 7 28481 6 28518 3 28550 3 28554 1 28562 10 28729 5 28735 8 28774 4 28806 1 28808 3 28819 9 28983 16 29030 4 29062 3 29066 1 29074 7 29239 15 29271 3 29284 6 29320 3 29330 7 29495 14 29526 4 29540 4 29545 1 29586 4 29751 15 29782 5 29796 6 29843 3 30007 15 30032 11 30053 3 30264 15 30281 4 30288 11 30520 15 30537 20 30776 15 30793 21 31032 15 31048 22 31080 3 31289 37 31336 1 31338 3 31546 35 31582 3 31587 3 31592 3 31596 6 31805 42 31850 3 31854 4 32063 40 32108 6 32319 40 32575 1 32577 1 32580 5 32588 6 32607 5 32831 3 32846 3
12-left-wm,14704 3 14960 1 14962 1 14969 3 14987 3 15216 3 15225 1 15227 1 15243 1 15245 1 15481 3 15499 3 16279 3 16535 1 16537 3 16791 3 16795 1 17049 3 20813 3 21069 1 21071 1 21325 3 29320 3 29576 1 29578 1 29580 3 29832 3 29836 1 29838 1 30092 3 31114 3 31370 1 31372 1 31626 3 31884 3 32077 3 32139 4 32333 1 32335 1 32343 4 32352 3 32356 3 32395 4 32582 3 32589 3 32599 4 32607 4 32612 1 32614 1 32618 5 32625 3 32651 3 32838 1 32840 1 32855 6 32863 4 32868 4 32874 10 33094 3 33111 1 33113 2 33116 1 33119 3 33124 4 33129 11 33345 3 33366 7 33377 19 33600 4 33622 1 33624 1 33633 18 33856 4 33867 4 33878 3 33886 18 34112 3 34122 5 34142 16 34377 6 34398 15 34632 7 34654 15 34687 4 34888 10 34903 3 34910 15 34943 6 35137 3 35144 12 35157 5 35166 14 35198 8 35393 25 35421 15 35452 11 35649 42 35708 13 35905 42 35962 15 36165 38 36217 16 36243 3 36421 1 36423 36 36471 17 36495 5 36501 1 36677 37 36717 27 36751 7 36934 37 36972 31 37007 5 37190 65 37256 1 37258 1 37263 4 37446 69 37519 5 37703 55 37762 7 37776 5 37960 48 38018 7 38033 4 38214 50 38274 6 38289 4 38470 1 38472 48 38530 6 38545 9 38726 3 38741 32 38786 6 38802 6 38809 1 38998 31 39042 4 39058 8 39255 28 39298 4 39314 5 39512 27 39554 4 39570 6 39768 27 39813 3 39826 6 40023 30 40069 3 40082 6 40279 30 40325 3 40338 5 40535 32 40581 6 40593 5 40774 3 40790 36 40836 7 40847 6 41030 4 41046 40 41087 15 41103 1 41105 4 41286 4 41302 56 41359 9 41543 3 41558 56 41615 1 41617 10 41814 27 41845 25 41871 12 42069 28 42101 38 42325 27 42359 36 42581 26 42627 24 42836 26 42884 20 42912 3 43086 4 43091 28 43141 17 43168 1 43170 1 43342 34 43397 15 43424 3 43598 34 43653 15 43855 33 43909 17 44111 1 44113 31 44165 17 44367 3 44373 28 44412 3 44420 21 44619 3 44629 28 44668 4 44675 22 44875 4 44885 28 44924 5 44930 24 45131 4 45142 7 45151 18 45180 30 45388 3 45398 3 45408 3 45412 13 45434 32 45654 3 45664 3 45668 14 45690 32 45728 3 45903 3 45910 3 45920 3 45927 11 45945 32 45984 1 45986 1 46159 1 46161 1 46177 3 46181 13 46201 15 46218 13 46240 3 46415 3 46433 1 46435 1 46437 14 46457 14 46474 13 46689 18 46713 13 46731 12 46948 15 46969 12 46987 10 47204 15 47225 11 47244 9 47460 15 47482 10 47499 10 47712 19 47739 9 47755 5 47761 3 47960 3 47968 19 48000 3 48010 6 48216 1 48218 1 48224 4 48229 14 48266 6 48472 8 48483 16 48522 6 48730 1 48732 4 48741 14 48778 5 48986 7 49001 7 49035 3 49245 4 49257 7 49273 3 49502 3 49525 3 49529 3 49781 1 49783 8 50032 3 50037 3 50041 6 50285 4 50290 1 50295 3 50299 4 50311 3 50541 1 50543 4 50567 1 50569 1 50797 3 50820 6 51076 4 51332 4
12-left-cortex,28814 3 29070 1 29072 1 29326 3 29838 3 30094 1 30096 1 30350 3 31625 3 31812 3 31881 3 32068 1 32070 1 32078 4 32137 3 32324 3 32334 4 32342 3 32393 3 32590 4 32597 9 32612 7 32622 4 32835 47 33091 41 33133 5 33346 44 33391 3 33601 42 33646 4 33856 40 33899 7 34111 38 34155 1 34157 4 34366 34 34411 3 34622 34 34670 3 34878 34 34926 1 34928 1 35134 14 35149 19 35181 4 35199 3 35390 14 35406 18 35437 1 35439 1 35455 1 35457 1 35468 3 35645 14 35664 7 35672 8 35693 3 35711 3 35724 1 35726 1 35901 12 35928 7 35943 3 35980 3 35986 3 36157 12 36185 3 36199 1 36201 1 36240 5 36413 12 36455 3 36487 3 36496 1 36498 6 36670 11 36743 1 36745 1 36752 10 36926 11 36967 3 36999 3 37008 11 37182 11 37223 1 37225 1 37248 3 37264 12 37438 12 37479 3 37495 3 37504 4 37520 12 37694 12 37751 1 37753 1 37760 6 37776 13 37950 12 38007 3 38017 3 38021 1 38032 13 38206 25 38275 3 38291 10 38463 25 38517 3 38547 11 38719 26 38773 1 38775 1 38804 10 38975 27 39029 3 39044 3 39060 11 39232 26 39298 3 39302 1 39317 11 39489 26 39554 1 39556 3 39573 12 39748 23 39810 3 39814 1 39829 12 40003 24 40068 3 40084 14 40259 23 40339 16 40515 22 40583 3 40592 19 40771 22 40839 1 40841 1 40848 19 41030 19 41074 4 41095 3 41103 21 41286 19 41327 10 41356 24 41542 19 41583 8 41592 1 41612 24 41798 20 41838 13 41868 9 41878 14 42054 18 42073 1 42093 24 42125 7 42137 11 42311 19 42348 26 42381 7 42390 14 42567 16 42604 27 42638 3 42644 15 42823 16 42860 27 42898 17 43079 16 43116 28 43152 19 43336 14 43372 28 43408 19 43592 13 43629 27 43664 19 43848 16 43886 25 43921 17 44105 15 44123 3 44142 25 44178 16 44361 15 44378 4 44398 25 44436 15 44618 23 44642 3 44654 25 44692 15 44875 27 44911 23 44951 12 45132 28 45167 22 45207 12 45389 28 45423 21 45447 3 45463 12 45645 29 45679 19 45702 6 45717 14 45902 28 45935 13 45950 3 45957 7 45972 15 46159 27 46192 12 46212 9 46228 15 46416 26 46448 11 46467 10 46482 17 46672 26 46704 11 46722 12 46738 17 46928 26 46960 12 46978 12 46992 18 47185 24 47216 13 47230 3 47234 32 47442 21 47467 54 47698 21 47723 53 47956 20 47979 34 48014 16 48214 18 48235 3 48239 46 48471 20 48493 48 48729 68 48987 65 49243 64 49503 59 49760 57 50017 55 50275 20 50296 8 50305 22 50536 10 50561 20 50796 3 50818 17 51075 3
12-right-wm,14951 3 14962 7 14971 10 14986 3 15207 1 15209 10 15220 12 15233 10 15244 3 15459 36 15496 1 15498 3 15502 5 15714 17 15732 3 15736 19 15756 7 15970 21 15992 5 15998 5 16015 4 16222 22 16248 11 16478 4 16484 4 16490 10 16505 9 16527 3 16732 6 16740 4 16746 10 16761 9 16783 4 16987 7 16996 3 17002 10 17017 9 17039 4 17050 3 17242 8 17255 13 17273 9 17290 3 17296 3 17306 1 17308 3 17498 4 17503 1 17511 13 17529 10 17545 5 17551 4 17562 3 17566 1 17754 6 17766 15 17785 10 17801 10 17820 3 18004 4 18013 1 18015 1 18022 16 18041 10 18057 10 18259 9 18269 3 18275 19 18297 10 18314 8 18515 7 18523 1 18531 1 18533 13 18547 3 18553 11 18571 7 18769 11 18787 3 18791 11 18809 12 18827 8 19025 1 19027 1 19045 13 19065 13 19083 9 19280 6 19302 12 19321 14 19339 10 19535 9 19558 12 19579 12 19595 12 19790 11 19813 14 19835 12 19851 16 20045 15 20067 16 20091 12 20107 18 20128 3 20301 5 20307 13 20322 17 20348 12 20363 18 20384 1 20386 1 20557 3 20565 30 20604 4 20609 28 20640 3 20812 6 20820 30 20865 28 21068 9 21078 28 21122 26 21324 38 21380 21 21580 37 21637 19 21836 37 21894 16 22093 35 22150 15 22348 36 22406 15 22602 38 22661 17 22858 1 22860 35 22913 21 23110 41 23162 3 23169 21 23197 3 23366 3 23370 37 23416 30 23447 4 23453 1 23455 1 23621 43 23667 47 23877 88 23967 1 23969 1 24133 54 24194 27 24223 3 24392 49 24451 24 24648 49 24709 8 24720 9 24904 3 24910 43 24965 7 24976 1 24978 7 24990 3 25167 39 25222 3 25232 7 25246 1 25248 1 25424 36 25490 4 25502 3 25668 3 25684 31 25747 4 25924 3 25941 32 26003 5 26180 3 26198 31 26259 9 26436 3 26453 35 26499 3 26514 10 26705 39 26755 4 26770 10 26961 40 27010 5 27025 9 27035 1 27215 45 27266 1 27268 3 27281 6 27289 3 27468 52 27522 5 27537 6 27724 52 27780 1 27782 1 27792 8 27977 62 28048 9 28232 64 28303 10 28486 35 28525 4 28536 16 28559 1 28561 8 28739 38 28792 16 28815 9 28994 39 29051 13 29074 3 29250 41 29307 13 29330 3 29503 44 29564 10 29759 29 29789 14 29820 10 30015 29 30045 15 30076 13 30272 24 30301 15 30332 11 30344 1 30528 11 30541 10 30557 15 30589 3 30593 8 30784 8 30798 8 30813 16 30849 4 30854 1 31040 8 31057 6 31069 16 31106 5 31296 8 31315 4 31326 19 31554 6 31561 3 31571 4 31582 20 31812 4 31817 1 31819 3 31826 3 31838 7 31846 12 32068 4 32073 3 32077 1 32080 3 32084 1 32087 5 32094 14 32109 5 32329 1 32331 3 32336 1 32338 3 32343 5 32350 4 32355 6 32363 3 32367 1 32585 3 32592 3 32599 5 32609 7 32621 3
12-right-cortex,14728 3 14961 3 14970 3 14979 8 15208 4 15217 10 15228 18 15464 41 15507 3 15720 44 15765 1 15969 54 16224 56 16476 63 16729 24 16754 41 16983 22 17009 43 17239 22 17265 10 17277 33 17494 23 17520 11 17536 32 17750 23 17776 11 17792 33 18006 23 18032 12 18048 33 18258 23 18288 12 18304 34 18514 24 18544 12 18560 13 18574 20 18768 26 18800 12 18817 12 18831 20 19024 26 19056 13 19074 11 19088 19 19278 28 19312 13 19331 10 19345 19 19533 29 19568 13 19588 10 19602 18 19789 29 19824 19 19844 10 19859 17 20045 28 20080 30 20115 16 20301 28 20335 30 20374 13 20558 27 20590 22 20613 8 20634 10 20814 15 20830 6 20837 3 20846 31 20887 13 21069 16 21102 29 21140 16 21322 19 21359 27 21396 16 21577 17 21614 26 21651 17 21833 12 21869 27 21907 17 22089 11 22125 27 22162 18 22343 11 22381 27 22418 17 22599 11 22637 27 22674 17 22854 15 22893 27 22930 17 23110 15 23148 27 23186 17 23365 16 23404 26 23442 16 23621 15 23660 26 23694 3 23699 15 23877 12 23917 17 23950 1 23952 1 23956 14 24133 13 24174 15 24206 3 24215 11 24388 14 24435 7 24455 3 24466 16 24644 14 24691 1 24693 1 24695 3 24711 1 24713 1 24722 1 24724 14 24899 19 24947 3 24967 3 24977 17 25155 19 25222 3 25233 1 25235 15 25411 20 25476 3 25480 1 25489 16 25667 22 25731 6 25748 13 25922 23 25987 4 26005 11 26178 23 26243 3 26261 11 26433 24 26486 3 26500 3 26517 10 26689 23 26742 1 26744 1 26756 1 26758 1 26769 3 26773 9 26945 22 26998 3 27012 3 27025 1 27027 1 27029 9 27199 23 27258 3 27281 12 27455 21 27505 3 27514 1 27516 1 27538 11 27711 21 27761 1 27763 1 27770 3 27782 3 27794 10 27967 15 28017 3 28038 1 28040 1 28048 12 28223 15 28263 3 28276 3 28294 3 28304 12 28479 14 28519 3 28532 1 28534 1 28537 3 28559 12 28735 11 28775 5 28788 3 28793 1 28795 1 28815 11 28991 9 29031 3 29035 1 29049 3 29060 3 29071 5 29077 3 29247 11 29274 5 29289 3 29316 1 29318 1 29503 9 29513 1 29526 10 29572 3 29758 12 29782 10 29804 4 29828 1 29830 1 30014 1 30016 15 30037 11 30060 4 30084 3 30270 34 30316 4 30528 32 30784 32 30829 3 31040 34 31076 4 31085 1 31087 1 31297 40 31340 4 31553 40 31596 1 31598 1 31601 3 31811 38 31852 3 31857 1 31859 1 32069 34 32113 3 32325 34 32591 1 32593 5 32603 3 32610 3 32847 7
13-left-wm,15473 3 15720 3 15729 1 15731 1 15976 1 15978 1 15985 3 16232 3 24130 3 24386 1 24388 1 24642 3 30093 3 30349 1 30351 1 30605 3 32073 3 32087 3 32329 1 32331 1 32343 1 32345 1 32352 3 32357 6 32585 4 32591 11 32606 6 32613 10 32625 3 32842 1 32844 1 32847 1 32849 7 32860 3 32864 20 33098 3 33103 9 33116 1 33118 7 33126 14 33362 6 33372 3 33377 18 33619 1 33621 1 33632 15 33875 3 33886 17 34125 3 34142 16 34378 7 34398 15 34432 3 34624 3 34632 10 34643 3 34653 16 34688 7 34879 7 34888 14 34909 15 34941 12 35134 8 35144 15 35165 14 35197 1 35199 10 35390 8 35399 35 35452 13 35470 3 35646 44 35707 14 35726 1 35728 1 35907 39 35960 17 35982 6 36163 44 36211 22 36241 3 36413 3 36422 37 36460 28 36497 3 36669 1 36671 1 36678 66 36753 4 36925 3 36934 66 37010 4 37191 59 37251 5 37266 5 37446 57 37505 7 37522 5 37701 55 37763 5 37779 6 37957 53 38019 5 38036 6 38213 53 38276 1 38278 1 38292 6 38475 43 38532 3 38548 7 38731 3 38741 33 38788 4 38805 6 38997 31 39044 4 39061 6 39254 30 39300 4 39317 5 39510 30 39559 3 39572 5 39766 33 39815 5 39828 5 40022 37 40071 5 40083 6 40278 37 40323 11 40337 8 40518 3 40531 41 40577 14 40593 1 40595 7 40774 3 40787 1 40789 37 40827 1 40833 1 40835 26 41030 3 41043 30 41074 4 41081 37 41286 3 41304 25 41339 35 41560 24 41595 35 41816 23 41851 34 42071 24 42118 19 42326 25 42374 16 42401 3 42582 26 42630 15 42657 1 42659 1 42831 3 42837 27 42886 16 42913 3 43082 3 43087 3 43093 28 43142 17 43338 1 43340 7 43348 29 43398 18 43594 4 43599 4 43604 29 43653 21 43853 6 43860 29 43907 24 44117 8 44128 17 44155 33 44194 3 44374 6 44384 17 44411 33 44450 1 44452 1 44633 3 44641 17 44667 33 44706 3 44897 4 44904 11 44924 32 44963 3 45154 1 45156 1 45160 11 45180 13 45194 18 45219 1 45221 1 45398 3 45410 4 45415 12 45435 14 45452 13 45475 3 45654 1 45656 1 45667 16 45691 13 45709 10 45910 3 45923 16 45947 12 45965 10 46179 16 46203 12 46221 10 46435 16 46458 12 46476 11 46691 16 46714 10 46731 12 46749 3 46947 16 46968 8 46987 7 47005 1 47007 1 47196 3 47204 16 47224 1 47226 5 47243 7 47261 3 47452 3 47462 14 47479 7 47492 3 47500 3 47707 4 47718 14 47735 1 47737 3 47748 1 47750 1 47963 5 47974 3 47979 5 47985 3 47991 3 47995 1 48004 3 48219 5 48227 3 48235 5 48249 6 48476 4 48483 1 48485 1 48491 3 48506 3 48510 1 48739 3 48745 5 48762 5 49001 5 49010 3 49016 6 49032 3 49257 5 49266 1 49268 1 49272 6 49288 1 49290 1 49522 3 49528 4 49544 3
13-left-cortex,15729 3 15985 1 15987 1 16241 3 24642 3 24898 1 24900 1 25154 3 32329 4 32334 7 32584 9 32594 1 32596 1 32598 4 32608 3 32617 4 32624 5 32832 3 32839 14 32854 16 32871 6 32878 3 32882 1 32884 1 33087 54 33342 51 33597 44 33643 6 33852 45 33902 3 34108 38 34156 3 34364 38 34412 1 34414 1 34431 3 34620 37 34665 6 34687 1 34689 1 34877 15 34895 17 34920 4 34942 4 35133 13 35152 15 35176 8 35195 4 35200 1 35389 13 35412 11 35432 6 35439 1 35451 1 35453 4 35644 14 35669 10 35689 7 35707 3 35729 7 35900 13 35925 3 35929 6 35942 8 35975 3 35985 7 36156 12 36198 1 36200 5 36230 4 36241 11 36412 12 36454 5 36486 4 36498 10 36668 13 36712 3 36742 3 36753 12 36924 13 36968 3 36994 7 37009 1 37011 11 37180 13 37224 1 37226 1 37250 4 37265 13 37436 13 37480 3 37506 4 37524 11 37692 13 37764 3 37781 10 37949 22 38006 3 38020 1 38022 1 38037 11 38205 26 38262 1 38264 1 38276 3 38293 11 38461 26 38518 3 38548 14 38718 26 38804 14 38974 26 39045 3 39060 15 39233 23 39301 4 39316 15 39490 22 39557 4 39571 17 39746 22 39814 3 39827 17 40002 22 40083 18 40258 22 40338 20 40514 22 40559 15 40590 24 40771 23 40815 15 40846 24 41029 21 41070 16 41102 9 41112 14 41285 21 41325 17 41344 3 41358 8 41367 15 41542 21 41581 27 41616 4 41623 15 41798 21 41837 27 41872 3 41876 18 42054 21 42093 27 42131 19 42310 20 42349 27 42387 18 42567 18 42605 27 42643 17 42824 16 42861 27 42899 17 43080 16 43118 26 43155 17 43337 14 43357 3 43374 26 43412 16 43593 25 43631 25 43669 15 43849 28 43887 25 43926 15 44106 27 44134 3 44143 24 44184 13 44363 31 44399 22 44424 4 44441 12 44619 31 44655 22 44679 7 44695 14 44876 30 44911 22 44935 7 44949 16 45133 29 45168 19 45190 9 45205 16 45390 28 45424 14 45440 3 45445 10 45460 17 45647 27 45680 14 45701 10 45716 17 45904 25 45936 13 45956 11 45972 17 46161 23 46193 12 46210 13 46226 18 46419 19 46444 17 46462 17 46480 20 46676 21 46700 54 46932 21 46956 53 47190 19 47211 52 47448 71 47707 66 47963 66 48220 64 48478 61 48737 58 48996 55 49253 51 49514 15 49540 19 49803 11 50060 8
13-right-wm,15499 3 15734 10 15755 1 15757 7 15971 5 15980 3 15985 16 16004 11 16016 2 16019 1 16227 5 16236 1 16238 19 16260 1 16262 2 16265 1 16267 1 16270 6 16480 16 16497 7 16505 8 16516 8 16528 6 16736 1 16738 18 16761 9 16780 3 16784 1 16786 7 16991 19 17011 1 17017 9 17036 1 17038 9 17048 1 17246 22 17273 9 17292 6 17300 5 17307 3 17502 19 17530 8 17550 4 17563 1 17565 1 17754 3 17758 4 17767 10 17786 8 17806 7 17819 3 18010 1 18012 1 18021 16 18042 9 18062 5 18068 1 18266 3 18277 14 18292 1 18298 9 18315 10 18515 5 18533 16 18554 9 18571 9 18591 3 18770 4 18775 1 18789 16 18810 10 18827 9 18847 1 18849 1 19025 7 19046 15 19066 10 19084 8 19103 3 19280 5 19301 17 19322 11 19340 9 19535 6 19557 18 19578 13 19596 9 19618 3 19790 7 19812 19 19836 11 19852 9 19874 1 19876 1 20046 7 20068 19 20092 11 20108 13 20130 3 20299 11 20324 16 20348 13 20364 15 20555 1 20557 11 20580 16 20604 14 20621 15 20811 6 20819 12 20834 16 20865 10 20876 19 21067 6 21075 13 21090 16 21107 3 21122 29 21323 7 21332 13 21346 15 21363 1 21365 1 21378 29 21579 7 21588 13 21602 16 21619 3 21635 28 21836 7 21844 30 21893 20 22092 1 22094 36 22150 18 22347 38 22406 17 22603 38 22663 15 22859 37 22919 14 23114 38 23173 20 23367 41 23428 19 23448 1 23623 7 23631 33 23671 4 23676 29 23706 3 23878 7 23886 34 23926 39 24134 87 24224 3 24388 77 24467 10 24480 1 24482 1 24644 1 24646 4 24651 48 24704 15 24724 9 24736 3 24900 3 24907 48 24967 8 24979 7 24987 1 25154 3 25165 43 25222 5 25235 9 25410 1 25412 1 25423 41 25478 1 25480 3 25491 7 25666 3 25680 38 25734 3 25748 1 25750 4 25923 3 25938 34 26004 7 26179 1 26181 1 26198 30 26262 5 26435 3 26454 35 26518 9 26709 36 26773 10 26959 43 27012 3 27029 10 27214 46 27268 1 27270 1 27283 12 27470 47 27523 4 27539 9 27725 49 27778 4 27795 5 27801 3 27980 53 28034 6 28051 9 28228 4 28234 64 28306 4 28311 5 28481 7 28489 63 28553 1 28562 9 28736 42 28779 3 28788 4 28793 17 28818 6 28992 42 29050 14 29074 6 29248 42 29308 12 29330 1 29332 3 29505 42 29564 12 29586 3 29768 19 29790 13 29821 11 30019 23 30046 13 30078 10 30271 3 30275 1 30277 2 30280 17 30302 14 30334 10 30527 1 30529 1 30531 22 30557 16 30592 8 30783 3 30792 4 30801 6 30813 17 30848 7 31045 11 31057 6 31069 18 31104 5 31298 14 31314 7 31325 20 31554 14 31571 30 31810 14 31827 8 31836 1 31839 18 32066 11 32080 4 32085 27 32325 3 32329 4 32336 1 32338 17 32592 3 32601 6
13-right-cortex,15478 3 15725 3 15734 1 15736 3 15740 19 15974 4 15981 5 15987 8 15996 1 15998 22 16228 51 16481 54 16734 58 16988 14 17003 47 17243 17 17262 47 17499 17 17518 47 17755 17 17774 14 17789 35 18008 20 18030 14 18048 34 18263 21 18287 13 18304 34 18518 20 18543 14 18561 34 18771 21 18799 14 18817 35 19026 22 19056 13 19073 13 19089 20 19282 22 19313 13 19330 13 19345 20 19536 24 19569 13 19586 13 19602 19 19791 24 19825 13 19843 12 19859 18 20046 25 20082 16 20101 10 20115 18 20301 26 20336 19 20357 10 20371 19 20556 27 20592 20 20613 10 20631 13 20645 1 20812 27 20847 21 20870 9 20889 13 21068 27 21102 23 21126 9 21146 12 21324 10 21336 14 21358 32 21399 13 21413 1 21580 10 21598 8 21614 27 21642 3 21654 16 21836 10 21854 6 21871 25 21909 16 22091 11 22110 6 22127 26 22164 17 22346 12 22367 4 22382 27 22419 18 22601 12 22638 27 22674 20 22856 13 22894 27 22930 20 23109 15 23149 28 23186 20 23365 13 23405 28 23441 21 23621 13 23661 26 23697 19 23877 12 23918 24 23951 5 23957 16 24132 13 24174 19 24205 6 24213 16 24388 13 24430 10 24461 1 24463 4 24471 14 24644 13 24715 8 24727 14 24900 13 24971 1 24973 1 24980 16 25155 15 25227 3 25236 16 25411 17 25492 16 25666 22 25748 16 25922 22 25988 3 26004 14 26178 23 26244 1 26246 1 26260 13 26434 23 26500 3 26516 12 26689 24 26775 9 26944 24 27000 3 27031 7 27200 23 27256 1 27258 1 27286 8 27455 21 27512 6 27540 10 27711 17 27771 1 27773 1 27777 3 27796 10 27967 17 28027 3 28033 1 28035 1 28052 10 28222 17 28289 3 28307 9 28478 16 28561 11 28734 14 28779 3 28817 1 28819 7 28988 15 29035 1 29037 1 29073 8 29244 14 29273 7 29288 6 29329 1 29331 3 29500 14 29528 8 29544 1 29546 1 29568 3 29585 3 29757 13 29783 9 29800 3 29824 1 29826 1 30013 13 30027 4 30034 3 30039 9 30080 3 30269 35 30317 3 30525 35 30573 3 30593 3 30781 35 30829 3 30849 1 30851 1 31039 32 31076 4 31085 5 31105 3 31295 41 31340 4 31345 1 31553 39 31596 1 31598 4 31809 41 31852 5 32067 4 32072 34 32110 1 32112 1 32326 5 32334 18 32358 4 32366 3 32595 3
14-left-wm,15466 3 15476 3 15722 1 15724 1 15732 1 15734 1 15978 3 15988 3 21148 3 21404 1 21406 1 21660 3 25658 3 25914 1 25916 1 26170 3 28304 3 28560 1 28562 1 28816 6 29075 1 29077 1 29320 3 29331 3 29576 1 29578 4 29832 4 29837 1 30091 3 31878 3 32062 4 32134 3 32318 4 32326 3 32333 7 32354 3 32390 3 32574 7 32582 1 32584 1 32589 5 32595 1 32602 9 32612 1 32646 3 32830 1 32832 1 32834 1 32836 1 32838 3 32842 10 32853 4 32858 11 32874 6 33086 3 33090 3 33098 1 33100 1 33105 1 33107 1 33109 4 33114 10 33127 7 33135 1 33354 3 33358 34 33614 4 33620 1 33622 1 33624 22 33858 6 33870 4 33876 3 33880 20 34114 6 34126 3 34138 18 34370 7 34393 16 34627 9 34639 4 34648 17 34882 11 34894 5 34904 16 34942 6 35131 6 35138 18 35160 15 35194 10 35387 25 35416 15 35448 13 35643 28 35672 14 35703 14 35901 41 35958 18 36158 39 36214 16 36231 1 36239 3 36414 39 36457 3 36466 22 36495 3 36670 38 36710 33 36745 3 36751 5 36927 37 36966 33 37001 1 37003 1 37007 3 37011 1 37184 70 37257 3 37265 3 37440 70 37525 3 37696 58 37755 1 37757 9 37781 1 37783 1 37953 54 38009 3 38015 4 38020 1 38037 3 38211 52 38272 5 38293 3 38469 48 38528 1 38530 1 38549 1 38551 1 38725 3 38734 39 38784 3 38805 3 38991 33 39058 4 39063 1 39066 3 39248 31 39297 5 39314 1 39316 4 39322 1 39324 1 39505 31 39553 1 39555 1 39557 1 39570 6 39578 3 39761 32 39809 5 39829 3 40017 33 40083 5 40273 35 40325 6 40339 5 40528 38 40577 3 40581 12 40595 4 40767 4 40783 39 40828 21 41023 4 41039 66 41107 4 41279 4 41295 32 41330 38 41551 29 41587 37 41810 24 41843 38 42066 24 42099 38 42322 23 42367 26 42577 24 42626 19 42832 25 42882 17 43086 28 43139 15 43340 31 43394 17 43596 32 43649 19 43852 33 43903 22 44109 32 44151 6 44158 24 44367 10 44381 16 44407 33 44623 3 44628 4 44637 16 44663 33 44884 4 44891 18 44919 33 45140 3 45147 1 45149 2 45152 13 45175 33 45385 3 45403 6 45411 11 45431 33 45641 1 45643 1 45663 3 45668 10 45684 33 45897 3 45919 3 45924 10 45940 35 46175 3 46179 11 46196 15 46213 3 46218 13 46431 15 46452 12 46469 3 46474 13 46680 5 46687 15 46708 12 46726 14 46936 5 46943 15 46964 11 46981 14 47190 7 47200 14 47222 9 47237 6 47244 4 47441 3 47446 1 47448 1 47450 3 47455 17 47478 8 47493 6 47501 3 47697 1 47699 1 47702 3 47711 17 47734 5 47749 6 47953 3 47959 3 47967 17 47990 4 47999 3 48005 5 48215 1 48217 1 48224 15 48246 3 48255 3 48262 4 48471 3 48482 1 48484 1 48486 9 48511 3 48727 3 48738 3 48742 7 48767 3 48983 1 48985 1 48989 3 48998 1 49000 3 49009 3 49014 3 49239 3 49245 1 49247 1 49254 3 49265 1 49267 1 49270 3 49277 3 49501 3 49521 3 49526 3 49533 1 49535 1 49782 3 49789 3
14-left-cortex,15475 3 15722 3 15731 1 15733 1 15978 1 15980 1 15987 3 16234 3 32138 3 32332 9 32355 3 32394 1 32396 1 32575 3 32587 5 32593 2 32596 1 32599 5 32611 1 32613 1 32650 3 32830 4 32841 13 32855 5 32866 4 33081 38 33121 8 33336 49 33387 3 33591 50 33643 1 33645 1 33846 46 33899 3 34102 45 34357 39 34406 3 34429 3 34613 39 34662 3 34685 3 34869 17 34887 20 34918 3 34941 3 35124 17 35144 19 35174 3 35193 7 35380 16 35403 5 35409 10 35449 1 35451 1 35453 1 35636 16 35660 4 35666 9 35705 5 35892 17 35916 3 35922 9 35940 3 36148 17 36179 7 36196 1 36198 1 36405 16 36439 3 36452 3 36490 6 36498 3 36661 13 36706 3 36746 12 36918 13 36962 1 36964 4 37002 13 37174 13 37218 6 37258 3 37262 10 37430 13 37476 4 37496 3 37518 10 37686 15 37732 3 37752 1 37754 1 37774 13 37942 17 37963 3 38008 3 38031 10 38042 1 38199 25 38287 12 38457 24 38512 3 38544 9 38713 25 38768 1 38770 1 38801 10 38970 25 39024 3 39057 11 39226 25 39313 12 39483 25 39568 15 39739 25 39812 3 39824 15 39996 24 40068 1 40070 1 40080 15 40252 23 40324 3 40335 17 40508 23 40557 3 40564 3 40580 1 40582 1 40591 18 40765 22 40811 10 40822 1 40825 3 40836 3 40846 19 41022 20 41066 13 41081 1 41083 1 41101 20 41279 22 41320 13 41337 3 41357 20 41535 22 41576 16 41613 20 41791 22 41831 26 41877 12 42047 22 42087 30 42131 14 42303 21 42343 31 42385 15 42560 20 42599 31 42640 16 42816 20 42855 31 42896 16 43073 18 43111 31 43152 15 43329 18 43352 3 43367 30 43407 16 43585 18 43608 6 43624 29 43663 16 43843 16 43863 8 43881 27 43919 16 44099 28 44138 25 44178 13 44356 30 44395 23 44435 12 44613 32 44651 23 44692 12 44869 32 44907 27 44950 10 45126 32 45163 31 45202 14 45383 31 45419 19 45442 9 45458 14 45640 30 45675 15 45694 14 45714 14 45896 30 45932 13 45950 14 45970 13 46154 28 46188 12 46206 14 46226 13 46410 28 46444 11 46461 17 46481 14 46667 26 46700 12 46717 33 46923 24 46956 12 46970 36 47180 22 47206 4 47212 12 47225 36 47439 21 47462 4 47468 48 47696 26 47724 47 47954 24 47980 45 48211 23 48235 45 48468 67 48726 65 48982 65 49240 62 49499 57 49759 20 49783 28 50019 14 50043 23 50305 4 50310 9
14-right-wm,15733 3 15738 3 15752 3 15969 9 15980 3 15984 3 15989 1 15991 12 16004 3 16008 1 16010 1 16222 10 16233 1 16236 1 16238 1 16240 4 16245 14 16260 1 16262 1 16264 7 16474 21 16496 4 16502 13 16516 3 16522 5 16728 22 16752 4 16758 9 16774 3 16778 6 16984 22 17014 6 17029 4 17034 6 17240 5 17246 17 17270 5 17285 4 17290 9 17492 7 17502 17 17526 7 17541 3 17546 10 17747 5 17758 3 17762 3 17767 8 17781 9 17798 3 17805 8 18002 6 18016 14 18037 10 18052 3 18056 1 18063 6 18256 8 18272 16 18293 11 18308 5 18318 7 18510 10 18528 14 18543 1 18549 11 18564 5 18574 4 18765 8 18785 17 18805 11 18820 6 18829 5 19020 7 19041 17 19061 11 19077 7 19085 5 19097 3 19276 7 19295 19 19317 1 19319 10 19333 13 19353 3 19530 9 19551 19 19573 13 19590 12 19607 5 19785 6 19807 17 19831 12 19846 15 19863 1 19865 3 20040 7 20063 17 20087 12 20103 14 20119 3 20296 5 20302 1 20319 17 20344 11 20359 19 20551 8 20574 18 20600 11 20615 20 20806 21 20830 15 20856 12 20871 20 21061 23 21085 16 21108 4 21114 11 21126 21 21317 6 21324 16 21341 14 21364 4 21373 30 21572 7 21580 31 21620 4 21631 26 21658 1 21828 7 21836 31 21888 22 21912 3 22083 7 22091 32 22146 20 22339 39 22402 19 22429 3 22595 3 22599 35 22659 16 22685 1 22687 1 22853 37 22915 15 22941 3 23109 37 23167 21 23362 39 23422 20 23443 1 23450 4 23617 41 23669 34 23706 4 23872 42 23924 35 23962 4 24128 7 24136 41 24180 35 24217 4 24384 88 24473 4 24638 6 24646 50 24698 30 24729 4 24894 1 24896 1 24902 50 24962 22 24985 4 25150 5 25159 47 25220 5 25226 3 25230 5 25245 3 25404 3 25408 1 25410 1 25418 41 25501 1 25503 1 25660 1 25662 1 25664 3 25675 37 25734 3 25752 4 25757 3 25916 6 25933 35 25990 1 25992 1 26007 5 26172 4 26177 1 26190 35 26246 3 26262 7 26428 1 26430 4 26448 34 26512 13 26684 3 26704 37 26768 13 26959 39 27023 12 27211 43 27266 3 27279 12 27466 45 27522 1 27524 1 27535 3 27539 8 27719 53 27778 3 27794 7 27974 52 28027 4 28033 3 28050 4 28055 1 28223 64 28289 1 28291 3 28298 3 28306 6 28475 42 28518 9 28528 22 28554 1 28556 1 28561 5 28730 42 28775 7 28787 19 28810 3 28816 4 28986 42 29032 3 29043 19 29072 4 29242 43 29303 15 29328 3 29498 43 29559 15 29754 44 29816 14 30010 7 30018 20 30041 13 30073 12 30266 3 30274 19 30296 15 30331 11 30522 3 30530 16 30552 15 30588 10 30786 16 30808 16 30845 9 31034 3 31042 16 31064 16 31103 5 31290 1 31292 1 31297 3 31301 3 31305 9 31320 18 31546 3 31553 1 31555 1 31557 12 31577 18 31805 3 31809 3 31813 13 31828 3 31833 1 31835 16 32061 1 32063 1 32069 11 32081 1 32084 23 32317 3 32329 3 32333 5 32340 23 32596 11 32611 3 32616 3
14-right-cortex,15462 3 15718 1 15720 1 15730 3 15737 16 15970 3 15974 6 15985 35 16221 3 16225 51 16475 57 16727 63 16983 1 16985 10 16996 52 17237 69 17491 23 17516 48 17746 24 17772 49 17999 27 18028 51 18254 28 18283 16 18300 36 18510 21 18532 5 18539 16 18557 35 18766 22 18795 16 18814 34 19022 22 19052 15 19070 35 19275 26 19309 14 19326 17 19344 17 19531 26 19566 12 19582 11 19594 24 19786 27 19819 16 19839 10 19851 23 20041 27 20075 16 20096 12 20111 19 20296 25 20331 17 20353 9 20363 1 20371 14 20552 25 20587 19 20609 11 20627 14 20808 25 20841 22 20865 8 20886 11 21062 26 21097 32 21142 11 21318 10 21329 15 21353 32 21396 13 21574 10 21586 6 21593 6 21609 31 21652 13 21829 9 21842 6 21849 6 21864 28 21907 14 22084 10 22099 4 22105 5 22119 30 22161 16 22338 12 22362 4 22375 30 22416 17 22594 11 22619 3 22631 30 22671 18 22850 10 22887 30 22927 18 23104 13 23143 30 23182 18 23360 13 23399 30 23438 1 23440 16 23616 13 23655 26 23682 3 23694 18 23870 15 23911 26 23952 16 24126 14 24167 26 24212 13 24381 13 24423 23 24466 15 24637 13 24681 19 24719 18 24893 15 24946 3 24974 19 25149 16 25230 20 25405 18 25486 18 25505 1 25660 20 25744 18 25916 22 26001 14 26172 22 26257 13 26427 24 26514 12 26682 25 26770 11 26938 25 27025 7 27033 4 27194 25 27279 14 27449 24 27535 13 27705 23 27774 3 27791 13 27961 19 28030 7 28047 13 28216 17 28286 5 28292 1 28299 3 28303 12 28471 17 28535 3 28542 7 28555 1 28557 1 28560 11 28727 14 28770 3 28791 1 28793 1 28811 3 28816 1 28818 9 28982 12 28995 1 29026 3 29047 3 29067 1 29069 1 29072 3 29076 3 29237 11 29249 4 29270 3 29282 3 29323 3 29493 16 29524 7 29538 3 29566 3 29749 16 29779 8 29822 1 29824 1 30005 16 30032 11 30078 3 30263 14 30288 11 30519 22 30543 12 30775 23 30799 12 31032 35 31071 3 31288 44 31333 3 31545 43 31589 1 31591 1 31593 4 31804 40 31845 9 32060 13 32074 26 32101 9 32319 3 32328 34 32363 3 32586 4 32591 3 32595 5 32605 17 32843 3 32862 3 32868 3
16-left-wm,13659 3 13915 1 13917 1 14171 3 20030 3 20286 1 20288 1 20542 3 31873 3 31878 3 32067 3 32129 3 32134 1 32136 1 32323 1 32325 1 32328 3 32345 19 32385 8 32579 3 32584 1 32586 1 32601 1 32603 19 32641 4 32646 1 32821 3 32840 4 32847 5 32855 21 32877 1 32900 3 33077 1 33079 1 33097 1 33099 1 33103 5 33111 1 33113 1 33117 17 33333 3 33353 3 33359 5 33367 22 33616 4 33624 21 33872 3 33879 20 34133 18 34365 5 34388 19 34620 7 34644 18 34875 10 34900 18 34943 4 35121 5 35127 16 35156 17 35198 7 35377 27 35412 17 35452 9 35633 30 35668 16 35704 14 35887 35 35924 15 35959 15 36143 1 36145 33 36180 15 36213 18 36399 51 36468 19 36662 44 36722 21 36920 41 36977 22 37009 3 37166 3 37176 40 37220 35 37259 3 37265 1 37267 1 37422 1 37424 1 37432 79 37515 3 37521 3 37678 3 37688 79 37771 3 37945 77 38027 3 38202 66 38269 9 38283 3 38295 4 38458 66 38525 9 38551 4 38715 59 38784 1 38786 4 38807 4 38974 54 39040 3 39064 3 39239 45 39319 4 39496 41 39552 3 39575 4 39754 36 39808 1 39810 1 39831 3 40010 34 40064 5 40267 33 40322 1 40324 1 40348 3 40524 33 40578 3 40604 1 40606 1 40780 35 40839 3 40855 4 40860 3 41035 36 41093 5 41111 4 41270 3 41291 39 41349 5 41367 4 41526 4 41546 43 41602 11 41616 3 41623 5 41782 4 41801 46 41852 21 41874 1 41879 5 42039 3 42057 74 42136 4 42313 33 42351 35 42390 3 42568 33 42607 42 42824 1 42826 1 42828 28 42863 42 43080 31 43120 3 43124 37 43337 29 43381 6 43389 28 43590 32 43651 22 43834 3 43845 32 43908 18 44090 1 44092 1 44099 35 44161 3 44165 16 44346 3 44355 35 44417 1 44419 17 44611 36 44673 18 44867 36 44930 18 44949 3 45128 32 45184 24 45214 3 45384 32 45437 28 45470 1 45472 1 45643 30 45686 4 45692 29 45726 3 45899 11 45913 17 45942 4 45947 32 46155 3 46162 3 46169 17 46198 37 46425 17 46454 37 46657 3 46685 14 46710 37 46913 1 46915 1 46942 13 46965 36 47169 3 47199 12 47220 37 47451 16 47475 21 47498 14 47707 16 47731 12 47744 7 47754 11 47963 16 47986 12 48001 6 48010 11 48212 3 48219 16 48242 12 48258 3 48262 1 48266 11 48467 4 48474 16 48498 12 48516 3 48522 10 48723 4 48730 16 48754 11 48775 13 48979 4 48986 16 49010 8 49028 12 49242 16 49268 5 49281 11 49487 3 49500 14 49537 10 49743 1 49745 1 49756 15 49793 8 49999 3 50012 4 50017 11 50049 7 50268 3 50273 11 50292 3 50308 4 50529 11 50548 1 50550 1 50776 4 50785 6 50804 3 51032 4 51060 1 51062 1 51288 4 51316 3 51324 3 51561 3 51580 1 51582 1 51817 1 51819 1 51836 3 51844 3 52073 3 52100 1 52102 1 52356 3
16-left-cortex,29319 5 29575 5 29831 5 30088 3 32330 4 32341 3 32362 3 32387 3 32586 4 32597 1 32599 1 32618 1 32620 1 32643 1 32645 1 32819 3 32825 4 32830 3 32835 34 32870 8 32899 3 33074 5 33081 24 33106 19 33126 6 33133 1 33328 53 33382 8 33583 51 33637 3 33641 1 33643 1 33839 51 33893 1 33895 1 33897 3 34094 44 34140 5 34149 3 34349 44 34604 43 34860 43 35116 18 35137 22 35373 17 35395 19 35629 17 35653 17 35685 3 35885 17 35910 3 35914 12 35941 1 35943 1 36141 16 36173 9 36194 6 36397 15 36429 9 36447 4 36452 1 36653 13 36686 8 36703 1 36705 4 36909 14 36958 5 36964 1 36999 5 37005 3 37165 14 37214 1 37216 1 37218 3 37232 3 37255 13 37270 4 37421 14 37470 3 37488 1 37490 1 37511 20 37679 13 37744 3 37755 5 37767 21 37935 13 38011 1 38013 1 38015 1 38023 22 38191 14 38267 5 38279 22 38447 17 38535 1 38537 1 38539 1 38546 11 38704 25 38791 5 38802 5 38809 4 38960 26 39058 4 39066 3 39216 28 39314 7 39472 28 39572 8 39728 29 39828 10 39984 30 40084 10 40240 30 40339 11 40500 26 40579 3 40594 13 40756 26 40835 1 40837 1 40850 14 41012 26 41091 3 41103 18 41268 26 41322 3 41355 3 41359 19 41525 24 41578 4 41611 23 41783 22 41832 11 41867 24 42040 23 42087 13 42123 24 42296 23 42342 14 42382 21 42552 23 42597 17 42637 22 42808 23 42852 27 42881 3 42893 1 42895 20 43064 23 43108 33 43149 3 43155 16 43320 22 43363 35 43412 15 43576 21 43619 36 43667 16 43833 18 43875 36 43922 16 44090 14 44131 36 44177 16 44347 14 44387 36 44432 17 44603 15 44644 35 44688 17 44859 18 44900 33 44944 17 45115 19 45136 4 45142 6 45157 32 45201 16 45371 33 45413 31 45458 16 45628 32 45670 28 45718 12 45884 35 45926 27 45975 12 46142 33 46183 26 46230 13 46399 33 46440 23 46486 13 46656 33 46696 23 46725 3 46729 3 46738 3 46742 12 46913 32 46952 18 46975 3 46980 8 46994 16 47170 31 47209 15 47229 5 47236 8 47250 16 47427 30 47465 14 47484 18 47506 15 47683 30 47721 13 47737 19 47757 1 47763 14 47939 30 47976 13 47993 1 47995 19 48018 14 48196 29 48232 13 48249 21 48274 14 48452 28 48488 12 48504 40 48709 27 48744 55 48966 25 48994 3 49000 54 49224 23 49248 6 49256 53 49484 26 49512 52 49740 26 49768 52 49998 23 50024 52 50254 78 50511 76 50768 75 51026 73 51284 70 51545 62 51803 19 51829 34 52064 13 52086 32 52323 4 52342 7 52352 20 52619 3
16-right-wm,13680 8 13915 8 13924 4 13930 3 13936 8 13945 4 14169 15 14186 1 14188 17 14423 17 14442 4 14447 14 14677 12 14690 8 14699 5 14706 11 14933 25 14966 4 14984 6 15189 11 15202 12 15218 6 15240 9 15446 10 15458 11 15474 4 15479 1 15496 7 15504 1 15695 3 15701 10 15714 9 15730 6 15740 3 15752 4 15758 3 15762 3 15951 1 15953 1 15957 1 15959 1 15970 12 15986 7 15996 1 15998 4 16009 3 16018 4 16207 3 16213 3 16224 14 16242 7 16252 4 16257 1 16274 4 16461 3 16478 16 16498 7 16507 7 16529 5 16716 7 16734 14 16754 7 16763 5 16785 5 16972 5 16978 1 16990 14 17011 7 17019 6 17029 3 17040 6 17223 12 17246 17 17267 7 17276 5 17285 1 17287 1 17294 8 17478 4 17483 4 17503 14 17518 1 17523 14 17541 3 17550 8 17733 7 17760 15 17779 15 17797 3 17804 10 17987 8 18015 14 18033 17 18053 1 18055 1 18060 10 18242 9 18270 16 18289 1 18291 15 18309 3 18316 10 18498 11 18523 19 18545 3 18550 13 18570 13 18754 11 18779 19 18806 13 18823 17 18844 5 19010 11 19034 20 19064 11 19079 18 19100 6 19265 4 19270 11 19290 17 19321 11 19335 20 19356 6 19521 1 19523 19 19546 16 19578 11 19591 29 19776 4 19781 1 19783 16 19802 15 19837 37 19875 1 20032 1 20034 4 20039 17 20058 14 20093 33 20127 1 20129 3 20288 6 20296 16 20313 14 20349 29 20383 3 20543 7 20553 30 20607 27 20798 7 20809 30 20864 26 21054 9 21065 30 21120 24 21310 41 21377 22 21567 40 21634 20 21824 39 21888 22 22077 41 22143 24 22177 3 22333 1 22335 39 22387 5 22393 30 22433 1 22435 1 22589 3 22595 35 22643 5 22649 30 22686 6 22842 3 22850 37 22899 39 22942 1 22944 1 23098 1 23100 3 23106 37 23145 4 23151 43 23197 4 23354 3 23358 1 23362 88 23453 4 23610 96 23709 4 23866 3 23871 1 23873 1 23875 55 23934 3 23938 24 23964 5 24122 3 24127 3 24132 49 24194 20 24215 3 24220 3 24378 3 24389 45 24454 8 24463 1 24471 3 24476 4 24629 3 24642 3 24647 41 24710 4 24715 5 24727 3 24732 4 24884 4 24898 1 24900 1 24903 39 24966 3 24989 3 25140 4 25154 3 25160 38 25222 3 25232 3 25241 3 25396 4 25417 37 25478 3 25488 1 25490 1 25497 1 25499 5 25652 4 25675 36 25729 4 25744 3 25752 8 25908 4 25931 39 25985 4 26000 1 26002 1 26008 8 26164 4 26175 3 26180 3 26185 41 26241 4 26256 3 26264 7 26420 3 26431 1 26433 7 26441 45 26497 3 26518 9 26687 56 26753 3 26771 12 26945 54 27006 4 27011 1 27027 11 27201 57 27261 7 27273 3 27283 10 27449 3 27454 61 27517 8 27528 4 27539 6 27705 1 27707 74 27782 6 27795 4 27800 1 27956 4 27961 76 28038 1 28040 5 28051 6 28212 58 28272 25 28298 1 28300 1 28307 4 28468 45 28517 7 28528 23 28554 3 28564 3 28724 45 28774 3 28789 18 28980 46 29045 18 29236 47 29303 16 29494 45 29559 16 29751 26 29778 17 29817 14 30002 3 30007 25 30035 18 30074 12 30258 3 30263 25 30292 17 30331 10 30514 3 30519 20 30540 3 30548 17 30588 9 30769 4 30778 9 30788 7 30804 18 30845 7 31025 1 31027 1 31035 8 31044 7 31060 18 31103 5 31281 3 31299 3 31303 1 31305 4 31316 20 31545 3 31549 5 31555 1 31557 1 31559 6 31572 21 31801 1 31803 1 31805 1 31807 1 31809 5 31817 4 31823 29 32057 3 32061 6 32068 38 32107 1 32322 3 32326 1 32328 6 32335 9 32346 18 32580 20 32604 3 32608 3 32849 3
16-right-cortex,13662 12 13683 3 13692 12 13918 16 13939 7 13947 18 14171 29 14201 23 14427 56 14679 63 14932 9 14942 6 14949 52 15187 17 15205 53 15441 75 15696 21 15720 52 15950 23 15976 53 16206 23 16232 13 16246 40 16462 22 16488 13 16503 41 16714 24 16744 13 16759 42 16969 24 17000 13 17015 43 17225 25 17257 12 17271 43 17479 27 17514 11 17528 26 17556 14 17735 27 17770 12 17784 24 17812 16 17989 29 18025 16 18044 23 18068 17 18245 29 18280 17 18304 17 18322 1 18324 17 18498 31 18536 18 18560 15 18576 3 18580 17 18754 30 18792 19 18816 15 18836 17 19010 28 19048 22 19073 13 19093 16 19266 8 19275 19 19303 24 19329 9 19339 3 19350 14 19521 9 19531 18 19558 25 19585 9 19607 15 19777 9 19791 14 19813 28 19842 8 19864 12 19877 1 20033 10 20047 4 20052 8 20069 28 20099 6 20120 14 20289 10 20303 3 20309 7 20325 29 20357 3 20376 13 20544 12 20566 6 20581 29 20630 15 20800 12 20822 5 20837 30 20885 16 21053 15 21079 4 21093 31 21140 17 21308 15 21336 3 21349 33 21396 18 21563 16 21604 34 21651 19 21818 12 21860 35 21907 19 22073 12 22116 35 22163 19 22329 12 22372 35 22419 19 22585 12 22628 29 22676 18 22839 14 22884 27 22932 15 23095 14 23140 27 23188 15 23349 16 23397 20 23445 14 23605 17 23653 18 23672 1 23679 8 23696 3 23700 17 23861 18 23918 4 23926 3 23935 6 23942 1 23950 23 24116 21 24191 8 24206 23 24372 21 24460 25 24628 22 24716 1 24718 22 24884 26 24972 3 24976 19 25139 27 25232 18 25395 27 25488 17 25651 27 25745 16 25906 28 26001 15 26162 27 26257 11 26269 3 26418 27 26514 10 26525 3 26674 25 26770 14 26930 18 26950 5 27011 3 27026 14 27184 20 27267 1 27269 1 27284 12 27440 20 27518 3 27523 3 27540 8 27696 19 27774 1 27776 1 27796 8 27951 17 28030 3 28043 3 28051 9 28207 14 28298 4 28307 1 28309 3 28313 3 28463 15 28554 4 28563 3 28567 3 28718 16 28810 4 28974 16 29009 3 29027 3 29230 15 29263 5 29283 4 29486 14 29518 7 29537 6 29742 12 29768 4 29774 9 29793 6 29998 14 30023 16 30049 4 30254 14 30270 25 30306 5 30511 40 30564 1 30566 1 30590 3 30767 39 30820 3 30846 1 30848 1 31023 39 31068 3 31076 3 31102 3 31281 41 31324 4 31332 1 31334 5 31537 47 31588 7 31794 46 31846 5 32051 45 32308 3 32312 9 32323 23 32349 1 32351 1 32569 5 32587 14 32605 3
17-left-wm,19265 3 19521 1 19523 1 19777 3 29326 3 29582 1 29584 1 29838 3 31624 3 31880 1 31882 1 32064 3 32068 3 32083 3 32107 3 32136 3 32317 4 32322 1 32324 1 32326 1 32328 3 32338 4 32348 3 32360 4 32365 1 32390 3 32573 6 32580 7 32594 5 32602 20 32646 1 32648 1 32829 4 32839 4 32850 5 32858 19 32902 3 33095 3 33107 4 33114 19 33372 17 33624 19 33859 3 33879 20 34114 4 34135 20 34370 4 34389 21 34428 3 34606 3 34623 7 34645 21 34684 3 34862 1 34864 1 34874 12 34900 22 34939 4 35118 3 35129 18 35156 18 35195 8 35374 3 35384 24 35412 18 35451 10 35630 3 35640 24 35668 17 35705 12 35886 3 35895 25 35921 19 35961 13 35981 3 36142 3 36150 46 36215 16 36237 1 36239 1 36398 1 36400 1 36405 47 36470 17 36493 3 36500 3 36654 3 36661 47 36726 17 36756 1 36758 1 36917 46 36967 6 36976 23 37009 6 37173 46 37221 10 37232 23 37265 3 37424 3 37430 45 37476 36 37521 6 37680 1 37682 1 37687 81 37777 4 37782 1 37936 3 37940 3 37944 80 38036 3 38190 3 38196 4 38201 80 38291 3 38446 1 38448 1 38452 7 38460 62 38528 9 38547 3 38702 3 38709 4 38714 1 38716 59 38784 9 38803 3 38968 3 38972 58 39040 8 39059 5 39242 44 39297 3 39316 5 39499 40 39572 7 39756 35 39810 4 39828 7 39839 3 40012 34 40065 5 40084 7 40095 1 40097 1 40268 34 40321 6 40340 7 40351 3 40524 34 40577 6 40596 5 40780 36 40835 6 40852 8 41035 37 41092 6 41107 5 41113 1 41115 1 41291 41 41348 8 41362 6 41369 3 41547 44 41603 9 41617 5 41623 1 41802 49 41857 11 41873 7 42058 49 42113 1 42115 11 42129 12 42314 34 42351 46 42570 32 42608 45 42826 31 42871 38 43085 28 43127 38 43340 29 43388 33 43594 31 43652 25 43849 32 43908 21 44104 33 44165 18 44348 3 44359 34 44421 17 44604 4 44615 35 44677 16 44860 4 44871 35 44932 18 45117 3 45131 32 45186 22 45387 32 45442 23 45643 13 45658 17 45689 3 45696 27 45899 12 45915 15 45943 5 45951 29 46155 10 46172 14 46199 6 46206 31 46401 3 46411 10 46429 14 46455 4 46460 33 46657 4 46667 3 46671 3 46686 13 46711 38 46913 4 46943 13 46966 39 47170 3 47199 13 47222 17 47241 20 47456 12 47477 17 47499 15 47712 12 47733 16 47755 14 47964 16 47989 16 48011 14 48219 17 48245 14 48267 14 48290 3 48475 17 48501 12 48522 12 48546 1 48548 1 48729 19 48757 11 48778 11 48802 3 48985 1 48987 17 49013 10 49033 10 49241 19 49270 6 49286 12 49498 18 49525 5 49541 13 49754 21 49781 5 49797 13 50012 17 50030 1 50037 5 50053 8 50258 3 50268 19 50293 4 50310 7 50514 1 50516 1 50524 16 50549 3 50566 5 50770 3 50785 5 50805 4 50822 4 51034 4 51057 3 51061 6 51290 6 51311 5 51318 3 51322 1 51546 4 51551 1 51561 3 51567 5 51576 3 51583 3 51805 3 51817 1 51819 1 51823 4 51839 1 51841 1 52073 3 52095 3 52110 3 52366 1 52368 1 52622 3
17-left-cortex,25505 3 25761 1 25763 1 26017 3 28552 3 28808 1 28810 1 29064 3 32088 3 32313 3 32344 1 32346 1 32569 6 32576 5 32584 5 32598 6 32605 3 32610 5 32619 3 32820 30 32851 11 32863 1 32865 8 32875 1 32877 1 33075 59 33330 59 33585 48 33639 1 33641 4 33840 49 33895 5 34096 42 34152 4 34351 42 34408 4 34607 42 34665 3 34687 3 34862 41 34943 1 34945 1 35118 19 35140 19 35194 3 35199 3 35374 14 35396 18 35450 1 35452 1 35630 13 35657 13 35706 3 35886 12 35915 11 35938 3 36142 12 36172 10 36194 1 36196 1 36237 3 36398 11 36430 8 36450 3 36493 4 36501 3 36654 10 36687 3 36706 1 36708 1 36749 4 36756 4 36910 10 36962 3 37006 13 37166 11 37216 3 37252 3 37262 13 37422 12 37472 1 37474 1 37508 1 37510 1 37520 14 37678 13 37728 3 37763 5 37776 15 37934 16 38017 3 38021 1 38023 1 38033 14 38190 16 38259 3 38273 7 38290 14 38446 16 38515 1 38517 1 38529 3 38546 15 38702 30 38771 3 38785 3 38804 13 38958 31 39042 3 39060 13 39214 32 39298 1 39300 1 39316 14 39470 32 39554 3 39574 12 39727 31 39831 12 39983 31 40085 16 40240 30 40325 3 40341 16 40497 29 40581 1 40583 1 40597 16 40753 29 40837 3 40851 19 41015 23 41071 3 41107 20 41271 23 41322 4 41327 1 41329 4 41363 20 41527 22 41578 4 41583 4 41588 1 41619 21 41782 23 41834 7 41842 3 41875 22 42038 24 42088 12 42130 23 42294 25 42343 17 42382 27 42550 25 42599 18 42638 8 42647 3 42651 14 42806 25 42855 26 42894 8 42907 14 43062 25 43111 31 43150 3 43163 13 43319 24 43366 32 43406 3 43415 17 43575 24 43622 33 43669 19 43832 22 43878 33 43924 20 44089 19 44134 33 44179 20 44345 23 44391 32 44435 19 44602 22 44632 3 44647 32 44691 19 44860 20 44887 4 44903 32 44947 19 45116 19 45142 6 45160 31 45203 19 45373 17 45397 8 45416 30 45460 18 45629 33 45672 28 45718 17 45886 33 45928 28 45975 17 46143 33 46184 26 46233 15 46399 34 46440 25 46490 14 46656 33 46696 24 46725 6 46740 3 46745 15 46914 32 46953 21 46980 9 46995 4 47000 16 47171 31 47209 20 47235 10 47250 22 47427 31 47465 15 47491 10 47506 22 47684 30 47721 15 47745 13 47762 22 47941 29 47977 14 47999 15 48019 21 48197 29 48233 14 48254 16 48275 21 48454 28 48489 14 48509 17 48529 22 48710 26 48737 1 48745 15 48762 19 48784 22 48967 22 48991 4 49002 34 49039 21 49223 22 49248 1 49250 1 49258 34 49295 20 49481 21 49504 3 49514 55 49741 17 49760 4 49770 32 49803 21 49997 26 50026 54 50255 81 50512 79 50770 77 51026 76 51284 71 51544 66 51804 60 52064 17 52096 22 52321 9 52352 21 52608 20 52866 3 52870 7
17-right-wm,12905 3 13151 6 13161 1 13163 1 13177 5 13184 3 13196 3 13403 3 13407 1 13409 11 13421 3 13425 13 13440 1 13442 1 13452 1 13454 1 13656 18 13677 22 13708 3 13912 18 13933 18 13952 1 14167 28 14196 13 14224 5 14422 19 14442 6 14454 6 14473 3 14480 5 14678 26 14710 6 14729 6 14736 5 14934 25 14967 7 14985 6 14993 3 15184 5 15191 3 15195 20 15219 3 15223 9 15241 6 15440 3 15444 1 15451 21 15475 1 15477 11 15497 6 15514 3 15694 7 15708 4 15713 13 15727 1 15731 15 15753 6 15763 5 15770 1 15772 1 15949 6 15964 22 15990 12 16011 5 16019 5 16026 3 16205 4 16220 18 16239 3 16246 12 16268 5 16275 5 16458 7 16476 3 16480 18 16502 4 16508 6 16523 12 16714 1 16716 1 16718 4 16737 17 16758 13 16779 11 16797 3 16970 8 16994 15 17014 15 17035 11 17053 1 17055 1 17224 5 17230 4 17249 17 17270 16 17291 11 17309 3 17480 5 17487 3 17504 18 17526 16 17548 10 17734 7 17759 19 17782 16 17804 11 17989 6 17996 3 18015 19 18038 16 18060 11 18245 10 18270 20 18294 16 18316 15 18498 13 18525 16 18542 3 18551 16 18572 22 18754 1 18756 11 18781 16 18811 3 18816 7 18827 24 19010 20 19037 14 19067 3 19072 7 19081 27 19269 18 19292 15 19328 36 19522 3 19527 1 19529 14 19547 15 19584 36 19777 23 19802 15 19841 31 20033 6 20042 32 20098 27 20289 6 20298 32 20355 24 20542 9 20553 33 20612 22 20797 9 20808 34 20869 20 21053 45 21126 18 21309 45 21381 18 21565 45 21637 19 21822 44 21884 3 21891 21 22073 3 22077 4 22082 39 22137 7 22147 21 22170 4 22179 3 22329 1 22331 1 22333 43 22391 9 22401 31 22435 1 22437 1 22585 3 22589 48 22640 16 22657 33 22691 3 22848 47 22896 1 22898 48 23104 98 23356 3 23361 60 23424 34 23612 1 23614 1 23618 50 23684 13 23699 9 23710 3 23868 3 23875 48 23940 13 23957 7 24131 48 24196 10 24227 3 24392 41 24450 11 24483 1 24485 1 24648 40 24706 3 24712 5 24739 3 24886 5 24905 39 24962 3 24970 3 25142 1 25144 4 25161 40 25217 4 25242 3 25398 6 25417 40 25473 1 25475 3 25495 12 25657 3 25673 42 25729 5 25751 10 25762 1 25909 3 25927 47 25987 3 26004 15 26165 1 26167 1 26182 48 26243 3 26260 13 26420 4 26434 52 26501 3 26516 12 26676 1 26678 1 26690 55 26757 1 26759 1 26772 6 26780 4 26932 3 26945 71 27028 3 27033 3 27039 3 27188 4 27201 70 27284 3 27289 1 27291 1 27295 1 27297 1 27442 85 27542 8 27551 3 27696 52 27749 34 27798 9 27952 51 28005 36 28054 9 28207 5 28214 45 28264 5 28278 17 28296 1 28310 9 28463 8 28472 1 28474 41 28534 19 28566 3 28719 10 28730 41 28791 16 28979 3 28985 42 29049 13 29232 6 29241 43 29305 16 29488 1 29490 1 29497 43 29561 16 29744 3 29748 3 29753 43 29818 15 30004 1 30006 1 30009 17 30030 23 30075 13 30259 4 30266 17 30286 3 30291 19 30331 9 30515 4 30523 16 30547 20 30591 5 30770 5 30779 3 30786 9 30804 23 30847 5 31026 1 31028 3 31037 14 31063 20 31282 3 31293 10 31319 22 31549 12 31562 3 31575 23 31807 10 31818 1 31820 1 31822 4 31831 23 32063 10 32074 3 32078 4 32090 3 32095 1 32097 13 32321 4 32334 4 32346 3 32351 11 32577 4
17-right-cortex,12928 3 13153 15 13170 5 13182 8 13404 29 13436 23 13660 31 13692 27 13916 61 14166 68 14422 1 14424 68 14675 18 14694 54 14929 76 15185 79 15441 82 15696 83 15948 87 16204 23 16235 19 16255 38 16460 24 16491 19 16511 38 16713 27 16748 18 16768 38 16968 28 17005 17 17024 15 17040 22 17222 30 17262 14 17281 13 17300 19 17478 30 17519 13 17539 11 17556 21 17732 31 17770 4 17775 13 17795 12 17812 19 17832 1 17987 31 18026 20 18051 12 18068 21 18243 30 18282 24 18308 11 18325 19 18499 30 18537 26 18564 11 18581 21 18754 30 18793 26 18820 11 18841 17 19010 29 19048 27 19077 9 19101 14 19266 29 19303 28 19333 8 19356 13 19370 1 19522 10 19534 3 19538 13 19559 29 19589 8 19611 16 19776 12 19790 3 19796 10 19815 30 19846 7 19865 17 20031 13 20052 9 20071 38 20120 18 20287 13 20310 6 20327 35 20375 19 20543 3 20547 9 20567 3 20583 35 20630 19 20799 13 20839 33 20885 20 21055 12 21095 33 21141 20 21309 13 21351 33 21397 20 21562 13 21607 33 21653 20 21818 14 21862 33 21909 20 22074 15 22118 33 22165 20 22329 16 22374 31 22421 20 22585 16 22630 23 22654 7 22677 20 22839 16 22886 31 22929 3 22938 15 23095 15 23143 19 23163 10 23185 3 23194 13 23351 14 23403 11 23417 13 23441 3 23448 15 23606 15 23663 7 23682 4 23697 3 23701 18 23862 20 23921 3 23939 3 23955 20 24117 21 24211 1 24213 18 24372 24 24467 20 24628 24 24712 3 24725 18 24884 27 24968 1 24970 1 24981 18 25140 27 25224 3 25236 18 25396 27 25492 18 25651 26 25748 18 25907 25 26006 13 26162 26 26264 11 26418 23 26518 12 26674 22 26741 6 26771 15 26929 19 26997 1 26999 2 27002 1 27027 14 27185 19 27253 6 27283 14 27439 20 27539 14 27695 20 27795 13 27951 18 28048 3 28055 9 28207 13 28304 1 28306 1 28310 8 28463 15 28515 3 28548 3 28560 3 28566 8 28719 16 28771 1 28773 1 28804 1 28806 1 28822 3 28826 3 28975 16 29027 3 29060 3 29230 17 29286 3 29307 3 29486 18 29512 8 29522 4 29542 1 29544 1 29563 1 29565 1 29742 18 29768 14 29798 3 29819 3 29826 3 29998 22 30024 14 30082 1 30084 1 30256 20 30280 14 30338 3 30512 21 30534 20 30769 41 30812 3 31025 46 31081 3 31281 46 31337 1 31339 1 31538 51 31593 3 31796 49 31851 4 32059 42 32107 4 32315 33 32349 3 32363 4 32583 13
